[      88ms] [LOG] dispatched to https://rp-java.itheima.net/zhyl/#id=nf6w0g&p=%E5%85%A5%E4%BD%8F%E5%8A%9E%E7%90%86%E8%AF%A6%E6%83%85%E9%A1%B5-1-%E5%9F%BA%E6%9C%AC%E4%BF%A1%E6%81%AF&g=1 @ https://rp-java.itheima.net/zhyl/resources/scripts/messagecenter.js:296
[      89ms] [LOG] dispatched to https://rp-java.itheima.net/zhyl/#id=nf6w0g&p=%E5%85%A5%E4%BD%8F%E5%8A%9E%E7%90%86%E8%AF%A6%E6%83%85%E9%A1%B5-1-%E5%9F%BA%E6%9C%AC%E4%BF%A1%E6%81%AF&g=1 @ https://rp-java.itheima.net/zhyl/resources/scripts/messagecenter.js:296
[      89ms] [LOG] dispatched to https://rp-java.itheima.net/zhyl/#id=nf6w0g&p=%E5%85%A5%E4%BD%8F%E5%8A%9E%E7%90%86%E8%AF%A6%E6%83%85%E9%A1%B5-1-%E5%9F%BA%E6%9C%AC%E4%BF%A1%E6%81%AF&g=1 @ https://rp-java.itheima.net/zhyl/resources/scripts/messagecenter.js:296
[      89ms] [LOG] dispatched to https://rp-java.itheima.net/zhyl/#id=nf6w0g&p=%E5%85%A5%E4%BD%8F%E5%8A%9E%E7%90%86%E8%AF%A6%E6%83%85%E9%A1%B5-1-%E5%9F%BA%E6%9C%AC%E4%BF%A1%E6%81%AF&g=1 @ https://rp-java.itheima.net/zhyl/resources/scripts/messagecenter.js:296
[     100ms] [LOG] dispatched to https://rp-java.itheima.net/zhyl/#id=nf6w0g&p=%E5%85%A5%E4%BD%8F%E5%8A%9E%E7%90%86%E8%AF%A6%E6%83%85%E9%A1%B5-1-%E5%9F%BA%E6%9C%AC%E4%BF%A1%E6%81%AF&g=1 @ https://rp-java.itheima.net/zhyl/resources/scripts/messagecenter.js:296
[     100ms] [LOG] dispatched to https://rp-java.itheima.net/zhyl/#id=nf6w0g&p=%E5%85%A5%E4%BD%8F%E5%8A%9E%E7%90%86%E8%AF%A6%E6%83%85%E9%A1%B5-1-%E5%9F%BA%E6%9C%AC%E4%BF%A1%E6%81%AF&g=1 @ https://rp-java.itheima.net/zhyl/resources/scripts/messagecenter.js:296
[     101ms] [LOG] dispatched to https://rp-java.itheima.net/zhyl/#id=nf6w0g&p=%E5%85%A5%E4%BD%8F%E5%8A%9E%E7%90%86%E8%AF%A6%E6%83%85%E9%A1%B5-1-%E5%9F%BA%E6%9C%AC%E4%BF%A1%E6%81%AF&g=1 @ https://rp-java.itheima.net/zhyl/resources/scripts/messagecenter.js:296
[     467ms] [LOG] dispatched to https://rp-java.itheima.net/zhyl/#id=nf6w0g&p=%E5%85%A5%E4%BD%8F%E5%8A%9E%E7%90%86%E8%AF%A6%E6%83%85%E9%A1%B5-1-%E5%9F%BA%E6%9C%AC%E4%BF%A1%E6%81%AF&g=1 @ https://rp-java.itheima.net/zhyl/resources/scripts/messagecenter.js:296
[     467ms] [LOG] dispatched to https://rp-java.itheima.net/zhyl/%E5%85%A5%E4%BD%8F%E5%8A%9E%E7%90%86%E8%AF%A6%E6%83%85%E9%A1%B5-1-%E5%9F%BA%E6%9C%AC%E4%BF%A1%E6%81%AF.html @ https://rp-java.itheima.net/zhyl/resources/scripts/messagecenter.js:296
[     468ms] [LOG] dispatched to https://rp-java.itheima.net/zhyl/#id=nf6w0g&p=%E5%85%A5%E4%BD%8F%E5%8A%9E%E7%90%86%E8%AF%A6%E6%83%85%E9%A1%B5-1-%E5%9F%BA%E6%9C%AC%E4%BF%A1%E6%81%AF&g=1 @ https://rp-java.itheima.net/zhyl/resources/scripts/messagecenter.js:296
[     468ms] [LOG] dispatched to https://rp-java.itheima.net/zhyl/%E5%85%A5%E4%BD%8F%E5%8A%9E%E7%90%86%E8%AF%A6%E6%83%85%E9%A1%B5-1-%E5%9F%BA%E6%9C%AC%E4%BF%A1%E6%81%AF.html @ https://rp-java.itheima.net/zhyl/resources/scripts/messagecenter.js:296
[     469ms] [LOG] dispatched to https://rp-java.itheima.net/zhyl/#id=nf6w0g&p=%E5%85%A5%E4%BD%8F%E5%8A%9E%E7%90%86%E8%AF%A6%E6%83%85%E9%A1%B5-1-%E5%9F%BA%E6%9C%AC%E4%BF%A1%E6%81%AF&g=1 @ https://rp-java.itheima.net/zhyl/resources/scripts/messagecenter.js:296
[     469ms] [LOG] dispatched to https://rp-java.itheima.net/zhyl/%E5%85%A5%E4%BD%8F%E5%8A%9E%E7%90%86%E8%AF%A6%E6%83%85%E9%A1%B5-1-%E5%9F%BA%E6%9C%AC%E4%BF%A1%E6%81%AF.html @ https://rp-java.itheima.net/zhyl/resources/scripts/messagecenter.js:296
[     477ms] [LOG] dispatched to https://rp-java.itheima.net/zhyl/#id=nf6w0g&p=%E5%85%A5%E4%BD%8F%E5%8A%9E%E7%90%86%E8%AF%A6%E6%83%85%E9%A1%B5-1-%E5%9F%BA%E6%9C%AC%E4%BF%A1%E6%81%AF&g=1 @ https://rp-java.itheima.net/zhyl/resources/scripts/messagecenter.js:296
[     478ms] [LOG] dispatched to https://rp-java.itheima.net/zhyl/%E5%85%A5%E4%BD%8F%E5%8A%9E%E7%90%86%E8%AF%A6%E6%83%85%E9%A1%B5-1-%E5%9F%BA%E6%9C%AC%E4%BF%A1%E6%81%AF.html @ https://rp-java.itheima.net/zhyl/resources/scripts/messagecenter.js:296
[     478ms] [LOG] dispatched to https://rp-java.itheima.net/zhyl/#id=nf6w0g&p=%E5%85%A5%E4%BD%8F%E5%8A%9E%E7%90%86%E8%AF%A6%E6%83%85%E9%A1%B5-1-%E5%9F%BA%E6%9C%AC%E4%BF%A1%E6%81%AF&g=1 @ https://rp-java.itheima.net/zhyl/resources/scripts/messagecenter.js:296
[     478ms] [LOG] dispatched to https://rp-java.itheima.net/zhyl/%E5%85%A5%E4%BD%8F%E5%8A%9E%E7%90%86%E8%AF%A6%E6%83%85%E9%A1%B5-1-%E5%9F%BA%E6%9C%AC%E4%BF%A1%E6%81%AF.html @ https://rp-java.itheima.net/zhyl/resources/scripts/messagecenter.js:296
[     478ms] [LOG] dispatched to https://rp-java.itheima.net/zhyl/#id=nf6w0g&p=%E5%85%A5%E4%BD%8F%E5%8A%9E%E7%90%86%E8%AF%A6%E6%83%85%E9%A1%B5-1-%E5%9F%BA%E6%9C%AC%E4%BF%A1%E6%81%AF&g=1 @ https://rp-java.itheima.net/zhyl/resources/scripts/messagecenter.js:296
[     478ms] [LOG] dispatched to https://rp-java.itheima.net/zhyl/%E5%85%A5%E4%BD%8F%E5%8A%9E%E7%90%86%E8%AF%A6%E6%83%85%E9%A1%B5-1-%E5%9F%BA%E6%9C%AC%E4%BF%A1%E6%81%AF.html @ https://rp-java.itheima.net/zhyl/resources/scripts/messagecenter.js:296
[     491ms] [LOG] adding from https://rp-java.itheima.net/zhyl/%E5%85%A5%E4%BD%8F%E5%8A%9E%E7%90%86%E8%AF%A6%E6%83%85%E9%A1%B5-1-%E5%9F%BA%E6%9C%AC%E4%BF%A1%E6%81%AF.html @ https://rp-java.itheima.net/zhyl/resources/scripts/messagecenter.js:240
[     492ms] [LOG] dispatched to https://rp-java.itheima.net/zhyl/#id=nf6w0g&p=%E5%85%A5%E4%BD%8F%E5%8A%9E%E7%90%86%E8%AF%A6%E6%83%85%E9%A1%B5-1-%E5%9F%BA%E6%9C%AC%E4%BF%A1%E6%81%AF&g=1 @ https://rp-java.itheima.net/zhyl/resources/scripts/messagecenter.js:296
[     497ms] [LOG] dispatched to https://rp-java.itheima.net/zhyl/#id=nf6w0g&p=%E5%85%A5%E4%BD%8F%E5%8A%9E%E7%90%86%E8%AF%A6%E6%83%85%E9%A1%B5-1-%E5%9F%BA%E6%9C%AC%E4%BF%A1%E6%81%AF&g=1 @ https://rp-java.itheima.net/zhyl/resources/scripts/messagecenter.js:296
[     497ms] [LOG] dispatched to https://rp-java.itheima.net/zhyl/%E5%85%A5%E4%BD%8F%E5%8A%9E%E7%90%86%E8%AF%A6%E6%83%85%E9%A1%B5-1-%E5%9F%BA%E6%9C%AC%E4%BF%A1%E6%81%AF.html @ https://rp-java.itheima.net/zhyl/resources/scripts/messagecenter.js:296
[     499ms] [LOG] dispatched to https://rp-java.itheima.net/zhyl/#id=nf6w0g&p=%E5%85%A5%E4%BD%8F%E5%8A%9E%E7%90%86%E8%AF%A6%E6%83%85%E9%A1%B5-1-%E5%9F%BA%E6%9C%AC%E4%BF%A1%E6%81%AF&g=1 @ https://rp-java.itheima.net/zhyl/resources/scripts/messagecenter.js:296
[     499ms] [LOG] dispatched to https://rp-java.itheima.net/zhyl/%E5%85%A5%E4%BD%8F%E5%8A%9E%E7%90%86%E8%AF%A6%E6%83%85%E9%A1%B5-1-%E5%9F%BA%E6%9C%AC%E4%BF%A1%E6%81%AF.html @ https://rp-java.itheima.net/zhyl/resources/scripts/messagecenter.js:296
[     502ms] [LOG] dispatched to https://rp-java.itheima.net/zhyl/#id=nf6w0g&p=%E5%85%A5%E4%BD%8F%E5%8A%9E%E7%90%86%E8%AF%A6%E6%83%85%E9%A1%B5-1-%E5%9F%BA%E6%9C%AC%E4%BF%A1%E6%81%AF&g=1 @ https://rp-java.itheima.net/zhyl/resources/scripts/messagecenter.js:296
[     502ms] [LOG] dispatched to https://rp-java.itheima.net/zhyl/%E5%85%A5%E4%BD%8F%E5%8A%9E%E7%90%86%E8%AF%A6%E6%83%85%E9%A1%B5-1-%E5%9F%BA%E6%9C%AC%E4%BF%A1%E6%81%AF.html @ https://rp-java.itheima.net/zhyl/resources/scripts/messagecenter.js:296
[     502ms] [LOG] dispatched to https://rp-java.itheima.net/zhyl/#id=nf6w0g&p=%E5%85%A5%E4%BD%8F%E5%8A%9E%E7%90%86%E8%AF%A6%E6%83%85%E9%A1%B5-1-%E5%9F%BA%E6%9C%AC%E4%BF%A1%E6%81%AF&g=1 @ https://rp-java.itheima.net/zhyl/resources/scripts/messagecenter.js:296
[     502ms] [LOG] dispatched to https://rp-java.itheima.net/zhyl/%E5%85%A5%E4%BD%8F%E5%8A%9E%E7%90%86%E8%AF%A6%E6%83%85%E9%A1%B5-1-%E5%9F%BA%E6%9C%AC%E4%BF%A1%E6%81%AF.html @ https://rp-java.itheima.net/zhyl/resources/scripts/messagecenter.js:296
[     502ms] [LOG] dispatched to https://rp-java.itheima.net/zhyl/#id=nf6w0g&p=%E5%85%A5%E4%BD%8F%E5%8A%9E%E7%90%86%E8%AF%A6%E6%83%85%E9%A1%B5-1-%E5%9F%BA%E6%9C%AC%E4%BF%A1%E6%81%AF&g=1 @ https://rp-java.itheima.net/zhyl/resources/scripts/messagecenter.js:296
[     502ms] [LOG] dispatched to https://rp-java.itheima.net/zhyl/%E5%85%A5%E4%BD%8F%E5%8A%9E%E7%90%86%E8%AF%A6%E6%83%85%E9%A1%B5-1-%E5%9F%BA%E6%9C%AC%E4%BF%A1%E6%81%AF.html @ https://rp-java.itheima.net/zhyl/resources/scripts/messagecenter.js:296
[     503ms] [LOG] dispatched to https://rp-java.itheima.net/zhyl/#id=nf6w0g&p=%E5%85%A5%E4%BD%8F%E5%8A%9E%E7%90%86%E8%AF%A6%E6%83%85%E9%A1%B5-1-%E5%9F%BA%E6%9C%AC%E4%BF%A1%E6%81%AF&g=1 @ https://rp-java.itheima.net/zhyl/resources/scripts/messagecenter.js:296
[     503ms] [LOG] dispatched to https://rp-java.itheima.net/zhyl/%E5%85%A5%E4%BD%8F%E5%8A%9E%E7%90%86%E8%AF%A6%E6%83%85%E9%A1%B5-1-%E5%9F%BA%E6%9C%AC%E4%BF%A1%E6%81%AF.html @ https://rp-java.itheima.net/zhyl/resources/scripts/messagecenter.js:296
[     503ms] [LOG] dispatched to https://rp-java.itheima.net/zhyl/#id=nf6w0g&p=%E5%85%A5%E4%BD%8F%E5%8A%9E%E7%90%86%E8%AF%A6%E6%83%85%E9%A1%B5-1-%E5%9F%BA%E6%9C%AC%E4%BF%A1%E6%81%AF&g=1 @ https://rp-java.itheima.net/zhyl/resources/scripts/messagecenter.js:296
[     503ms] [LOG] dispatched to https://rp-java.itheima.net/zhyl/%E5%85%A5%E4%BD%8F%E5%8A%9E%E7%90%86%E8%AF%A6%E6%83%85%E9%A1%B5-1-%E5%9F%BA%E6%9C%AC%E4%BF%A1%E6%81%AF.html @ https://rp-java.itheima.net/zhyl/resources/scripts/messagecenter.js:296
[     504ms] [LOG] dispatched to https://rp-java.itheima.net/zhyl/#id=nf6w0g&p=%E5%85%A5%E4%BD%8F%E5%8A%9E%E7%90%86%E8%AF%A6%E6%83%85%E9%A1%B5-1-%E5%9F%BA%E6%9C%AC%E4%BF%A1%E6%81%AF&g=1 @ https://rp-java.itheima.net/zhyl/resources/scripts/messagecenter.js:296
[     505ms] [LOG] dispatched to https://rp-java.itheima.net/zhyl/%E5%85%A5%E4%BD%8F%E5%8A%9E%E7%90%86%E8%AF%A6%E6%83%85%E9%A1%B5-1-%E5%9F%BA%E6%9C%AC%E4%BF%A1%E6%81%AF.html @ https://rp-java.itheima.net/zhyl/resources/scripts/messagecenter.js:296
[     505ms] [LOG] dispatched to https://rp-java.itheima.net/zhyl/#id=nf6w0g&p=%E5%85%A5%E4%BD%8F%E5%8A%9E%E7%90%86%E8%AF%A6%E6%83%85%E9%A1%B5-1-%E5%9F%BA%E6%9C%AC%E4%BF%A1%E6%81%AF&g=1 @ https://rp-java.itheima.net/zhyl/resources/scripts/messagecenter.js:296
[     505ms] [LOG] dispatched to https://rp-java.itheima.net/zhyl/%E5%85%A5%E4%BD%8F%E5%8A%9E%E7%90%86%E8%AF%A6%E6%83%85%E9%A1%B5-1-%E5%9F%BA%E6%9C%AC%E4%BF%A1%E6%81%AF.html @ https://rp-java.itheima.net/zhyl/resources/scripts/messagecenter.js:296
[     505ms] [LOG] dispatched to https://rp-java.itheima.net/zhyl/#id=nf6w0g&p=%E5%85%A5%E4%BD%8F%E5%8A%9E%E7%90%86%E8%AF%A6%E6%83%85%E9%A1%B5-1-%E5%9F%BA%E6%9C%AC%E4%BF%A1%E6%81%AF&g=1 @ https://rp-java.itheima.net/zhyl/resources/scripts/messagecenter.js:296
[     505ms] [LOG] dispatched to https://rp-java.itheima.net/zhyl/%E5%85%A5%E4%BD%8F%E5%8A%9E%E7%90%86%E8%AF%A6%E6%83%85%E9%A1%B5-1-%E5%9F%BA%E6%9C%AC%E4%BF%A1%E6%81%AF.html @ https://rp-java.itheima.net/zhyl/resources/scripts/messagecenter.js:296
[     505ms] [LOG] dispatched to https://rp-java.itheima.net/zhyl/#id=nf6w0g&p=%E5%85%A5%E4%BD%8F%E5%8A%9E%E7%90%86%E8%AF%A6%E6%83%85%E9%A1%B5-1-%E5%9F%BA%E6%9C%AC%E4%BF%A1%E6%81%AF&g=1 @ https://rp-java.itheima.net/zhyl/resources/scripts/messagecenter.js:296
[     505ms] [LOG] dispatched to https://rp-java.itheima.net/zhyl/%E5%85%A5%E4%BD%8F%E5%8A%9E%E7%90%86%E8%AF%A6%E6%83%85%E9%A1%B5-1-%E5%9F%BA%E6%9C%AC%E4%BF%A1%E6%81%AF.html @ https://rp-java.itheima.net/zhyl/resources/scripts/messagecenter.js:296
[     516ms] [LOG] dispatched to https://rp-java.itheima.net/zhyl/#id=nf6w0g&p=%E5%85%A5%E4%BD%8F%E5%8A%9E%E7%90%86%E8%AF%A6%E6%83%85%E9%A1%B5-1-%E5%9F%BA%E6%9C%AC%E4%BF%A1%E6%81%AF&g=1 @ https://rp-java.itheima.net/zhyl/resources/scripts/messagecenter.js:296
[     517ms] [LOG] dispatched to https://rp-java.itheima.net/zhyl/#id=nf6w0g&p=%E5%85%A5%E4%BD%8F%E5%8A%9E%E7%90%86%E8%AF%A6%E6%83%85%E9%A1%B5-1-%E5%9F%BA%E6%9C%AC%E4%BF%A1%E6%81%AF&g=1 @ https://rp-java.itheima.net/zhyl/resources/scripts/messagecenter.js:296
[     517ms] [LOG] dispatched to https://rp-java.itheima.net/zhyl/%E5%85%A5%E4%BD%8F%E5%8A%9E%E7%90%86%E8%AF%A6%E6%83%85%E9%A1%B5-1-%E5%9F%BA%E6%9C%AC%E4%BF%A1%E6%81%AF.html @ https://rp-java.itheima.net/zhyl/resources/scripts/messagecenter.js:296
[     518ms] [LOG] dispatched to https://rp-java.itheima.net/zhyl/#id=nf6w0g&p=%E5%85%A5%E4%BD%8F%E5%8A%9E%E7%90%86%E8%AF%A6%E6%83%85%E9%A1%B5-1-%E5%9F%BA%E6%9C%AC%E4%BF%A1%E6%81%AF&g=1 @ https://rp-java.itheima.net/zhyl/resources/scripts/messagecenter.js:296
[     518ms] [LOG] dispatched to https://rp-java.itheima.net/zhyl/%E5%85%A5%E4%BD%8F%E5%8A%9E%E7%90%86%E8%AF%A6%E6%83%85%E9%A1%B5-1-%E5%9F%BA%E6%9C%AC%E4%BF%A1%E6%81%AF.html @ https://rp-java.itheima.net/zhyl/resources/scripts/messagecenter.js:296
[     518ms] [LOG] dispatched to https://rp-java.itheima.net/zhyl/#id=nf6w0g&p=%E5%85%A5%E4%BD%8F%E5%8A%9E%E7%90%86%E8%AF%A6%E6%83%85%E9%A1%B5-1-%E5%9F%BA%E6%9C%AC%E4%BF%A1%E6%81%AF&g=1 @ https://rp-java.itheima.net/zhyl/resources/scripts/messagecenter.js:296
[     519ms] [LOG] dispatched to https://rp-java.itheima.net/zhyl/%E5%85%A5%E4%BD%8F%E5%8A%9E%E7%90%86%E8%AF%A6%E6%83%85%E9%A1%B5-1-%E5%9F%BA%E6%9C%AC%E4%BF%A1%E6%81%AF.html @ https://rp-java.itheima.net/zhyl/resources/scripts/messagecenter.js:296
[     519ms] [LOG] dispatched to https://rp-java.itheima.net/zhyl/#id=nf6w0g&p=%E5%85%A5%E4%BD%8F%E5%8A%9E%E7%90%86%E8%AF%A6%E6%83%85%E9%A1%B5-1-%E5%9F%BA%E6%9C%AC%E4%BF%A1%E6%81%AF&g=1 @ https://rp-java.itheima.net/zhyl/resources/scripts/messagecenter.js:296
[     519ms] [LOG] dispatched to https://rp-java.itheima.net/zhyl/%E5%85%A5%E4%BD%8F%E5%8A%9E%E7%90%86%E8%AF%A6%E6%83%85%E9%A1%B5-1-%E5%9F%BA%E6%9C%AC%E4%BF%A1%E6%81%AF.html @ https://rp-java.itheima.net/zhyl/resources/scripts/messagecenter.js:296
[     519ms] [LOG] dispatched to https://rp-java.itheima.net/zhyl/%E5%85%A5%E4%BD%8F%E5%8A%9E%E7%90%86%E8%AF%A6%E6%83%85%E9%A1%B5-1-%E5%9F%BA%E6%9C%AC%E4%BF%A1%E6%81%AF.html @ https://rp-java.itheima.net/zhyl/resources/scripts/messagecenter.js:296
[     520ms] [LOG] loadTime: 0 @ https://rp-java.itheima.net/zhyl/resources/scripts/axure/init.temp.js:277
[     523ms] [LOG] dispatched to https://rp-java.itheima.net/zhyl/#id=nf6w0g&p=%E5%85%A5%E4%BD%8F%E5%8A%9E%E7%90%86%E8%AF%A6%E6%83%85%E9%A1%B5-1-%E5%9F%BA%E6%9C%AC%E4%BF%A1%E6%81%AF&g=1 @ https://rp-java.itheima.net/zhyl/resources/scripts/messagecenter.js:296
[     523ms] [LOG] dispatched to https://rp-java.itheima.net/zhyl/%E5%85%A5%E4%BD%8F%E5%8A%9E%E7%90%86%E8%AF%A6%E6%83%85%E9%A1%B5-1-%E5%9F%BA%E6%9C%AC%E4%BF%A1%E6%81%AF.html @ https://rp-java.itheima.net/zhyl/resources/scripts/messagecenter.js:296
[     524ms] [LOG] dispatched to https://rp-java.itheima.net/zhyl/#id=nf6w0g&p=%E5%85%A5%E4%BD%8F%E5%8A%9E%E7%90%86%E8%AF%A6%E6%83%85%E9%A1%B5-1-%E5%9F%BA%E6%9C%AC%E4%BF%A1%E6%81%AF&g=1 @ https://rp-java.itheima.net/zhyl/resources/scripts/messagecenter.js:296
[     524ms] [LOG] dispatched to https://rp-java.itheima.net/zhyl/%E5%85%A5%E4%BD%8F%E5%8A%9E%E7%90%86%E8%AF%A6%E6%83%85%E9%A1%B5-1-%E5%9F%BA%E6%9C%AC%E4%BF%A1%E6%81%AF.html @ https://rp-java.itheima.net/zhyl/resources/scripts/messagecenter.js:296
[     524ms] [LOG] dispatched to https://rp-java.itheima.net/zhyl/#id=nf6w0g&p=%E5%85%A5%E4%BD%8F%E5%8A%9E%E7%90%86%E8%AF%A6%E6%83%85%E9%A1%B5-1-%E5%9F%BA%E6%9C%AC%E4%BF%A1%E6%81%AF&g=1 @ https://rp-java.itheima.net/zhyl/resources/scripts/messagecenter.js:296
[     524ms] [LOG] dispatched to https://rp-java.itheima.net/zhyl/%E5%85%A5%E4%BD%8F%E5%8A%9E%E7%90%86%E8%AF%A6%E6%83%85%E9%A1%B5-1-%E5%9F%BA%E6%9C%AC%E4%BF%A1%E6%81%AF.html @ https://rp-java.itheima.net/zhyl/resources/scripts/messagecenter.js:296
[     524ms] [LOG] dispatched to https://rp-java.itheima.net/zhyl/%E5%85%A5%E4%BD%8F%E5%8A%9E%E7%90%86%E8%AF%A6%E6%83%85%E9%A1%B5-1-%E5%9F%BA%E6%9C%AC%E4%BF%A1%E6%81%AF.html @ https://rp-java.itheima.net/zhyl/resources/scripts/messagecenter.js:296
[     550ms] [WARNING] <meta name="apple-mobile-web-app-capable" content="yes"> is deprecated. Please include <meta name="mobile-web-app-capable" content="yes"> @ https://rp-java.itheima.net/zhyl/#id=nf6w0g&p=%E5%85%A5%E4%BD%8F%E5%8A%9E%E7%90%86%E8%AF%A6%E6%83%85%E9%A1%B5-1-%E5%9F%BA%E6%9C%AC%E4%BF%A1%E6%81%AF&g=1:0
[   11171ms] [LOG] adding from https://rp-java.itheima.net/zhyl/%E5%85%A5%E4%BD%8F%E5%8A%9E%E7%90%86%E8%AF%A6%E6%83%85%E9%A1%B5-1-%E5%AE%B6%E5%B1%9E%E4%BF%A1%E6%81%AF.html @ https://rp-java.itheima.net/zhyl/resources/scripts/messagecenter.js:240
[   11172ms] [LOG] dispatched to https://rp-java.itheima.net/zhyl/#id=nf6w0g&p=%E5%85%A5%E4%BD%8F%E5%8A%9E%E7%90%86%E8%AF%A6%E6%83%85%E9%A1%B5-1-%E5%9F%BA%E6%9C%AC%E4%BF%A1%E6%81%AF&g=1 @ https://rp-java.itheima.net/zhyl/resources/scripts/messagecenter.js:296
[   11174ms] [LOG] dispatched to https://rp-java.itheima.net/zhyl/#id=yrblit&p=%E5%85%A5%E4%BD%8F%E5%8A%9E%E7%90%86%E8%AF%A6%E6%83%85%E9%A1%B5-1-%E5%AE%B6%E5%B1%9E%E4%BF%A1%E6%81%AF&g=1 @ https://rp-java.itheima.net/zhyl/resources/scripts/messagecenter.js:296
[   11174ms] [LOG] dispatched to https://rp-java.itheima.net/zhyl/%E5%85%A5%E4%BD%8F%E5%8A%9E%E7%90%86%E8%AF%A6%E6%83%85%E9%A1%B5-1-%E5%AE%B6%E5%B1%9E%E4%BF%A1%E6%81%AF.html @ https://rp-java.itheima.net/zhyl/resources/scripts/messagecenter.js:296
[   11175ms] [LOG] dispatched to https://rp-java.itheima.net/zhyl/#id=yrblit&p=%E5%85%A5%E4%BD%8F%E5%8A%9E%E7%90%86%E8%AF%A6%E6%83%85%E9%A1%B5-1-%E5%AE%B6%E5%B1%9E%E4%BF%A1%E6%81%AF&g=1 @ https://rp-java.itheima.net/zhyl/resources/scripts/messagecenter.js:296
[   11175ms] [LOG] dispatched to https://rp-java.itheima.net/zhyl/%E5%85%A5%E4%BD%8F%E5%8A%9E%E7%90%86%E8%AF%A6%E6%83%85%E9%A1%B5-1-%E5%AE%B6%E5%B1%9E%E4%BF%A1%E6%81%AF.html @ https://rp-java.itheima.net/zhyl/resources/scripts/messagecenter.js:296
[   11175ms] [LOG] dispatched to https://rp-java.itheima.net/zhyl/#id=yrblit&p=%E5%85%A5%E4%BD%8F%E5%8A%9E%E7%90%86%E8%AF%A6%E6%83%85%E9%A1%B5-1-%E5%AE%B6%E5%B1%9E%E4%BF%A1%E6%81%AF&g=1 @ https://rp-java.itheima.net/zhyl/resources/scripts/messagecenter.js:296
[   11176ms] [LOG] dispatched to https://rp-java.itheima.net/zhyl/%E5%85%A5%E4%BD%8F%E5%8A%9E%E7%90%86%E8%AF%A6%E6%83%85%E9%A1%B5-1-%E5%AE%B6%E5%B1%9E%E4%BF%A1%E6%81%AF.html @ https://rp-java.itheima.net/zhyl/resources/scripts/messagecenter.js:296
[   11176ms] [LOG] dispatched to https://rp-java.itheima.net/zhyl/#id=yrblit&p=%E5%85%A5%E4%BD%8F%E5%8A%9E%E7%90%86%E8%AF%A6%E6%83%85%E9%A1%B5-1-%E5%AE%B6%E5%B1%9E%E4%BF%A1%E6%81%AF&g=1 @ https://rp-java.itheima.net/zhyl/resources/scripts/messagecenter.js:296
[   11176ms] [LOG] dispatched to https://rp-java.itheima.net/zhyl/%E5%85%A5%E4%BD%8F%E5%8A%9E%E7%90%86%E8%AF%A6%E6%83%85%E9%A1%B5-1-%E5%AE%B6%E5%B1%9E%E4%BF%A1%E6%81%AF.html @ https://rp-java.itheima.net/zhyl/resources/scripts/messagecenter.js:296
[   11177ms] [LOG] dispatched to https://rp-java.itheima.net/zhyl/#id=yrblit&p=%E5%85%A5%E4%BD%8F%E5%8A%9E%E7%90%86%E8%AF%A6%E6%83%85%E9%A1%B5-1-%E5%AE%B6%E5%B1%9E%E4%BF%A1%E6%81%AF&g=1 @ https://rp-java.itheima.net/zhyl/resources/scripts/messagecenter.js:296
[   11177ms] [LOG] dispatched to https://rp-java.itheima.net/zhyl/%E5%85%A5%E4%BD%8F%E5%8A%9E%E7%90%86%E8%AF%A6%E6%83%85%E9%A1%B5-1-%E5%AE%B6%E5%B1%9E%E4%BF%A1%E6%81%AF.html @ https://rp-java.itheima.net/zhyl/resources/scripts/messagecenter.js:296
[   11177ms] [LOG] dispatched to https://rp-java.itheima.net/zhyl/#id=yrblit&p=%E5%85%A5%E4%BD%8F%E5%8A%9E%E7%90%86%E8%AF%A6%E6%83%85%E9%A1%B5-1-%E5%AE%B6%E5%B1%9E%E4%BF%A1%E6%81%AF&g=1 @ https://rp-java.itheima.net/zhyl/resources/scripts/messagecenter.js:296
[   11177ms] [LOG] dispatched to https://rp-java.itheima.net/zhyl/%E5%85%A5%E4%BD%8F%E5%8A%9E%E7%90%86%E8%AF%A6%E6%83%85%E9%A1%B5-1-%E5%AE%B6%E5%B1%9E%E4%BF%A1%E6%81%AF.html @ https://rp-java.itheima.net/zhyl/resources/scripts/messagecenter.js:296
[   11177ms] [LOG] dispatched to https://rp-java.itheima.net/zhyl/#id=yrblit&p=%E5%85%A5%E4%BD%8F%E5%8A%9E%E7%90%86%E8%AF%A6%E6%83%85%E9%A1%B5-1-%E5%AE%B6%E5%B1%9E%E4%BF%A1%E6%81%AF&g=1 @ https://rp-java.itheima.net/zhyl/resources/scripts/messagecenter.js:296
[   11177ms] [LOG] dispatched to https://rp-java.itheima.net/zhyl/%E5%85%A5%E4%BD%8F%E5%8A%9E%E7%90%86%E8%AF%A6%E6%83%85%E9%A1%B5-1-%E5%AE%B6%E5%B1%9E%E4%BF%A1%E6%81%AF.html @ https://rp-java.itheima.net/zhyl/resources/scripts/messagecenter.js:296
[   11183ms] [LOG] dispatched to https://rp-java.itheima.net/zhyl/#id=yrblit&p=%E5%85%A5%E4%BD%8F%E5%8A%9E%E7%90%86%E8%AF%A6%E6%83%85%E9%A1%B5-1-%E5%AE%B6%E5%B1%9E%E4%BF%A1%E6%81%AF&g=1 @ https://rp-java.itheima.net/zhyl/resources/scripts/messagecenter.js:296
[   11184ms] [LOG] dispatched to https://rp-java.itheima.net/zhyl/#id=yrblit&p=%E5%85%A5%E4%BD%8F%E5%8A%9E%E7%90%86%E8%AF%A6%E6%83%85%E9%A1%B5-1-%E5%AE%B6%E5%B1%9E%E4%BF%A1%E6%81%AF&g=1 @ https://rp-java.itheima.net/zhyl/resources/scripts/messagecenter.js:296
[   11184ms] [LOG] dispatched to https://rp-java.itheima.net/zhyl/%E5%85%A5%E4%BD%8F%E5%8A%9E%E7%90%86%E8%AF%A6%E6%83%85%E9%A1%B5-1-%E5%AE%B6%E5%B1%9E%E4%BF%A1%E6%81%AF.html @ https://rp-java.itheima.net/zhyl/resources/scripts/messagecenter.js:296
[   11185ms] [LOG] dispatched to https://rp-java.itheima.net/zhyl/#id=yrblit&p=%E5%85%A5%E4%BD%8F%E5%8A%9E%E7%90%86%E8%AF%A6%E6%83%85%E9%A1%B5-1-%E5%AE%B6%E5%B1%9E%E4%BF%A1%E6%81%AF&g=1 @ https://rp-java.itheima.net/zhyl/resources/scripts/messagecenter.js:296
[   11185ms] [LOG] dispatched to https://rp-java.itheima.net/zhyl/%E5%85%A5%E4%BD%8F%E5%8A%9E%E7%90%86%E8%AF%A6%E6%83%85%E9%A1%B5-1-%E5%AE%B6%E5%B1%9E%E4%BF%A1%E6%81%AF.html @ https://rp-java.itheima.net/zhyl/resources/scripts/messagecenter.js:296
[   11185ms] [LOG] dispatched to https://rp-java.itheima.net/zhyl/#id=yrblit&p=%E5%85%A5%E4%BD%8F%E5%8A%9E%E7%90%86%E8%AF%A6%E6%83%85%E9%A1%B5-1-%E5%AE%B6%E5%B1%9E%E4%BF%A1%E6%81%AF&g=1 @ https://rp-java.itheima.net/zhyl/resources/scripts/messagecenter.js:296
[   11186ms] [LOG] dispatched to https://rp-java.itheima.net/zhyl/%E5%85%A5%E4%BD%8F%E5%8A%9E%E7%90%86%E8%AF%A6%E6%83%85%E9%A1%B5-1-%E5%AE%B6%E5%B1%9E%E4%BF%A1%E6%81%AF.html @ https://rp-java.itheima.net/zhyl/resources/scripts/messagecenter.js:296
[   11186ms] [LOG] dispatched to https://rp-java.itheima.net/zhyl/#id=yrblit&p=%E5%85%A5%E4%BD%8F%E5%8A%9E%E7%90%86%E8%AF%A6%E6%83%85%E9%A1%B5-1-%E5%AE%B6%E5%B1%9E%E4%BF%A1%E6%81%AF&g=1 @ https://rp-java.itheima.net/zhyl/resources/scripts/messagecenter.js:296
[   11186ms] [LOG] dispatched to https://rp-java.itheima.net/zhyl/%E5%85%A5%E4%BD%8F%E5%8A%9E%E7%90%86%E8%AF%A6%E6%83%85%E9%A1%B5-1-%E5%AE%B6%E5%B1%9E%E4%BF%A1%E6%81%AF.html @ https://rp-java.itheima.net/zhyl/resources/scripts/messagecenter.js:296
[   11186ms] [LOG] dispatched to https://rp-java.itheima.net/zhyl/%E5%85%A5%E4%BD%8F%E5%8A%9E%E7%90%86%E8%AF%A6%E6%83%85%E9%A1%B5-1-%E5%AE%B6%E5%B1%9E%E4%BF%A1%E6%81%AF.html @ https://rp-java.itheima.net/zhyl/resources/scripts/messagecenter.js:296
[   11187ms] [LOG] loadTime: 0 @ https://rp-java.itheima.net/zhyl/resources/scripts/axure/init.temp.js:277
[   11188ms] [LOG] dispatched to https://rp-java.itheima.net/zhyl/#id=yrblit&p=%E5%85%A5%E4%BD%8F%E5%8A%9E%E7%90%86%E8%AF%A6%E6%83%85%E9%A1%B5-1-%E5%AE%B6%E5%B1%9E%E4%BF%A1%E6%81%AF&g=1 @ https://rp-java.itheima.net/zhyl/resources/scripts/messagecenter.js:296
[   11189ms] [LOG] dispatched to https://rp-java.itheima.net/zhyl/%E5%85%A5%E4%BD%8F%E5%8A%9E%E7%90%86%E8%AF%A6%E6%83%85%E9%A1%B5-1-%E5%AE%B6%E5%B1%9E%E4%BF%A1%E6%81%AF.html @ https://rp-java.itheima.net/zhyl/resources/scripts/messagecenter.js:296
[   11189ms] [LOG] dispatched to https://rp-java.itheima.net/zhyl/#id=yrblit&p=%E5%85%A5%E4%BD%8F%E5%8A%9E%E7%90%86%E8%AF%A6%E6%83%85%E9%A1%B5-1-%E5%AE%B6%E5%B1%9E%E4%BF%A1%E6%81%AF&g=1 @ https://rp-java.itheima.net/zhyl/resources/scripts/messagecenter.js:296
[   11189ms] [LOG] dispatched to https://rp-java.itheima.net/zhyl/%E5%85%A5%E4%BD%8F%E5%8A%9E%E7%90%86%E8%AF%A6%E6%83%85%E9%A1%B5-1-%E5%AE%B6%E5%B1%9E%E4%BF%A1%E6%81%AF.html @ https://rp-java.itheima.net/zhyl/resources/scripts/messagecenter.js:296
[   11189ms] [LOG] dispatched to https://rp-java.itheima.net/zhyl/#id=yrblit&p=%E5%85%A5%E4%BD%8F%E5%8A%9E%E7%90%86%E8%AF%A6%E6%83%85%E9%A1%B5-1-%E5%AE%B6%E5%B1%9E%E4%BF%A1%E6%81%AF&g=1 @ https://rp-java.itheima.net/zhyl/resources/scripts/messagecenter.js:296
[   11189ms] [LOG] dispatched to https://rp-java.itheima.net/zhyl/%E5%85%A5%E4%BD%8F%E5%8A%9E%E7%90%86%E8%AF%A6%E6%83%85%E9%A1%B5-1-%E5%AE%B6%E5%B1%9E%E4%BF%A1%E6%81%AF.html @ https://rp-java.itheima.net/zhyl/resources/scripts/messagecenter.js:296
[   11189ms] [LOG] dispatched to https://rp-java.itheima.net/zhyl/%E5%85%A5%E4%BD%8F%E5%8A%9E%E7%90%86%E8%AF%A6%E6%83%85%E9%A1%B5-1-%E5%AE%B6%E5%B1%9E%E4%BF%A1%E6%81%AF.html @ https://rp-java.itheima.net/zhyl/resources/scripts/messagecenter.js:296
[   47000ms] [LOG] adding from https://rp-java.itheima.net/zhyl/%E5%85%A5%E4%BD%8F%E5%8A%9E%E7%90%86%E8%AF%A6%E6%83%85%E9%A1%B5-1-%E8%B5%84%E6%96%99%E4%B8%8A%E4%BC%A0.html @ https://rp-java.itheima.net/zhyl/resources/scripts/messagecenter.js:240
[   47001ms] [LOG] dispatched to https://rp-java.itheima.net/zhyl/#id=yrblit&p=%E5%85%A5%E4%BD%8F%E5%8A%9E%E7%90%86%E8%AF%A6%E6%83%85%E9%A1%B5-1-%E5%AE%B6%E5%B1%9E%E4%BF%A1%E6%81%AF&g=1 @ https://rp-java.itheima.net/zhyl/resources/scripts/messagecenter.js:296
[   47003ms] [LOG] dispatched to https://rp-java.itheima.net/zhyl/#id=knv5hl&p=%E5%85%A5%E4%BD%8F%E5%8A%9E%E7%90%86%E8%AF%A6%E6%83%85%E9%A1%B5-1-%E8%B5%84%E6%96%99%E4%B8%8A%E4%BC%A0&g=1 @ https://rp-java.itheima.net/zhyl/resources/scripts/messagecenter.js:296
[   47003ms] [LOG] dispatched to https://rp-java.itheima.net/zhyl/%E5%85%A5%E4%BD%8F%E5%8A%9E%E7%90%86%E8%AF%A6%E6%83%85%E9%A1%B5-1-%E8%B5%84%E6%96%99%E4%B8%8A%E4%BC%A0.html @ https://rp-java.itheima.net/zhyl/resources/scripts/messagecenter.js:296
[   47004ms] [LOG] dispatched to https://rp-java.itheima.net/zhyl/#id=knv5hl&p=%E5%85%A5%E4%BD%8F%E5%8A%9E%E7%90%86%E8%AF%A6%E6%83%85%E9%A1%B5-1-%E8%B5%84%E6%96%99%E4%B8%8A%E4%BC%A0&g=1 @ https://rp-java.itheima.net/zhyl/resources/scripts/messagecenter.js:296
[   47004ms] [LOG] dispatched to https://rp-java.itheima.net/zhyl/%E5%85%A5%E4%BD%8F%E5%8A%9E%E7%90%86%E8%AF%A6%E6%83%85%E9%A1%B5-1-%E8%B5%84%E6%96%99%E4%B8%8A%E4%BC%A0.html @ https://rp-java.itheima.net/zhyl/resources/scripts/messagecenter.js:296
[   47004ms] [LOG] dispatched to https://rp-java.itheima.net/zhyl/#id=knv5hl&p=%E5%85%A5%E4%BD%8F%E5%8A%9E%E7%90%86%E8%AF%A6%E6%83%85%E9%A1%B5-1-%E8%B5%84%E6%96%99%E4%B8%8A%E4%BC%A0&g=1 @ https://rp-java.itheima.net/zhyl/resources/scripts/messagecenter.js:296
[   47005ms] [LOG] dispatched to https://rp-java.itheima.net/zhyl/%E5%85%A5%E4%BD%8F%E5%8A%9E%E7%90%86%E8%AF%A6%E6%83%85%E9%A1%B5-1-%E8%B5%84%E6%96%99%E4%B8%8A%E4%BC%A0.html @ https://rp-java.itheima.net/zhyl/resources/scripts/messagecenter.js:296
[   47006ms] [LOG] dispatched to https://rp-java.itheima.net/zhyl/#id=knv5hl&p=%E5%85%A5%E4%BD%8F%E5%8A%9E%E7%90%86%E8%AF%A6%E6%83%85%E9%A1%B5-1-%E8%B5%84%E6%96%99%E4%B8%8A%E4%BC%A0&g=1 @ https://rp-java.itheima.net/zhyl/resources/scripts/messagecenter.js:296
[   47006ms] [LOG] dispatched to https://rp-java.itheima.net/zhyl/%E5%85%A5%E4%BD%8F%E5%8A%9E%E7%90%86%E8%AF%A6%E6%83%85%E9%A1%B5-1-%E8%B5%84%E6%96%99%E4%B8%8A%E4%BC%A0.html @ https://rp-java.itheima.net/zhyl/resources/scripts/messagecenter.js:296
[   47006ms] [LOG] dispatched to https://rp-java.itheima.net/zhyl/#id=knv5hl&p=%E5%85%A5%E4%BD%8F%E5%8A%9E%E7%90%86%E8%AF%A6%E6%83%85%E9%A1%B5-1-%E8%B5%84%E6%96%99%E4%B8%8A%E4%BC%A0&g=1 @ https://rp-java.itheima.net/zhyl/resources/scripts/messagecenter.js:296
[   47006ms] [LOG] dispatched to https://rp-java.itheima.net/zhyl/%E5%85%A5%E4%BD%8F%E5%8A%9E%E7%90%86%E8%AF%A6%E6%83%85%E9%A1%B5-1-%E8%B5%84%E6%96%99%E4%B8%8A%E4%BC%A0.html @ https://rp-java.itheima.net/zhyl/resources/scripts/messagecenter.js:296
[   47006ms] [LOG] dispatched to https://rp-java.itheima.net/zhyl/#id=knv5hl&p=%E5%85%A5%E4%BD%8F%E5%8A%9E%E7%90%86%E8%AF%A6%E6%83%85%E9%A1%B5-1-%E8%B5%84%E6%96%99%E4%B8%8A%E4%BC%A0&g=1 @ https://rp-java.itheima.net/zhyl/resources/scripts/messagecenter.js:296
[   47006ms] [LOG] dispatched to https://rp-java.itheima.net/zhyl/%E5%85%A5%E4%BD%8F%E5%8A%9E%E7%90%86%E8%AF%A6%E6%83%85%E9%A1%B5-1-%E8%B5%84%E6%96%99%E4%B8%8A%E4%BC%A0.html @ https://rp-java.itheima.net/zhyl/resources/scripts/messagecenter.js:296
[   47006ms] [LOG] dispatched to https://rp-java.itheima.net/zhyl/#id=knv5hl&p=%E5%85%A5%E4%BD%8F%E5%8A%9E%E7%90%86%E8%AF%A6%E6%83%85%E9%A1%B5-1-%E8%B5%84%E6%96%99%E4%B8%8A%E4%BC%A0&g=1 @ https://rp-java.itheima.net/zhyl/resources/scripts/messagecenter.js:296
[   47006ms] [LOG] dispatched to https://rp-java.itheima.net/zhyl/%E5%85%A5%E4%BD%8F%E5%8A%9E%E7%90%86%E8%AF%A6%E6%83%85%E9%A1%B5-1-%E8%B5%84%E6%96%99%E4%B8%8A%E4%BC%A0.html @ https://rp-java.itheima.net/zhyl/resources/scripts/messagecenter.js:296
[   47012ms] [LOG] dispatched to https://rp-java.itheima.net/zhyl/#id=knv5hl&p=%E5%85%A5%E4%BD%8F%E5%8A%9E%E7%90%86%E8%AF%A6%E6%83%85%E9%A1%B5-1-%E8%B5%84%E6%96%99%E4%B8%8A%E4%BC%A0&g=1 @ https://rp-java.itheima.net/zhyl/resources/scripts/messagecenter.js:296
[   47012ms] [LOG] dispatched to https://rp-java.itheima.net/zhyl/#id=knv5hl&p=%E5%85%A5%E4%BD%8F%E5%8A%9E%E7%90%86%E8%AF%A6%E6%83%85%E9%A1%B5-1-%E8%B5%84%E6%96%99%E4%B8%8A%E4%BC%A0&g=1 @ https://rp-java.itheima.net/zhyl/resources/scripts/messagecenter.js:296
[   47013ms] [LOG] dispatched to https://rp-java.itheima.net/zhyl/%E5%85%A5%E4%BD%8F%E5%8A%9E%E7%90%86%E8%AF%A6%E6%83%85%E9%A1%B5-1-%E8%B5%84%E6%96%99%E4%B8%8A%E4%BC%A0.html @ https://rp-java.itheima.net/zhyl/resources/scripts/messagecenter.js:296
[   47013ms] [LOG] dispatched to https://rp-java.itheima.net/zhyl/#id=knv5hl&p=%E5%85%A5%E4%BD%8F%E5%8A%9E%E7%90%86%E8%AF%A6%E6%83%85%E9%A1%B5-1-%E8%B5%84%E6%96%99%E4%B8%8A%E4%BC%A0&g=1 @ https://rp-java.itheima.net/zhyl/resources/scripts/messagecenter.js:296
[   47014ms] [LOG] dispatched to https://rp-java.itheima.net/zhyl/%E5%85%A5%E4%BD%8F%E5%8A%9E%E7%90%86%E8%AF%A6%E6%83%85%E9%A1%B5-1-%E8%B5%84%E6%96%99%E4%B8%8A%E4%BC%A0.html @ https://rp-java.itheima.net/zhyl/resources/scripts/messagecenter.js:296
[   47014ms] [LOG] dispatched to https://rp-java.itheima.net/zhyl/#id=knv5hl&p=%E5%85%A5%E4%BD%8F%E5%8A%9E%E7%90%86%E8%AF%A6%E6%83%85%E9%A1%B5-1-%E8%B5%84%E6%96%99%E4%B8%8A%E4%BC%A0&g=1 @ https://rp-java.itheima.net/zhyl/resources/scripts/messagecenter.js:296
[   47014ms] [LOG] dispatched to https://rp-java.itheima.net/zhyl/%E5%85%A5%E4%BD%8F%E5%8A%9E%E7%90%86%E8%AF%A6%E6%83%85%E9%A1%B5-1-%E8%B5%84%E6%96%99%E4%B8%8A%E4%BC%A0.html @ https://rp-java.itheima.net/zhyl/resources/scripts/messagecenter.js:296
[   47014ms] [LOG] dispatched to https://rp-java.itheima.net/zhyl/#id=knv5hl&p=%E5%85%A5%E4%BD%8F%E5%8A%9E%E7%90%86%E8%AF%A6%E6%83%85%E9%A1%B5-1-%E8%B5%84%E6%96%99%E4%B8%8A%E4%BC%A0&g=1 @ https://rp-java.itheima.net/zhyl/resources/scripts/messagecenter.js:296
[   47014ms] [LOG] dispatched to https://rp-java.itheima.net/zhyl/%E5%85%A5%E4%BD%8F%E5%8A%9E%E7%90%86%E8%AF%A6%E6%83%85%E9%A1%B5-1-%E8%B5%84%E6%96%99%E4%B8%8A%E4%BC%A0.html @ https://rp-java.itheima.net/zhyl/resources/scripts/messagecenter.js:296
[   47014ms] [LOG] dispatched to https://rp-java.itheima.net/zhyl/%E5%85%A5%E4%BD%8F%E5%8A%9E%E7%90%86%E8%AF%A6%E6%83%85%E9%A1%B5-1-%E8%B5%84%E6%96%99%E4%B8%8A%E4%BC%A0.html @ https://rp-java.itheima.net/zhyl/resources/scripts/messagecenter.js:296
[   47014ms] [LOG] loadTime: 0 @ https://rp-java.itheima.net/zhyl/resources/scripts/axure/init.temp.js:277
[   47016ms] [LOG] dispatched to https://rp-java.itheima.net/zhyl/#id=knv5hl&p=%E5%85%A5%E4%BD%8F%E5%8A%9E%E7%90%86%E8%AF%A6%E6%83%85%E9%A1%B5-1-%E8%B5%84%E6%96%99%E4%B8%8A%E4%BC%A0&g=1 @ https://rp-java.itheima.net/zhyl/resources/scripts/messagecenter.js:296
[   47016ms] [LOG] dispatched to https://rp-java.itheima.net/zhyl/%E5%85%A5%E4%BD%8F%E5%8A%9E%E7%90%86%E8%AF%A6%E6%83%85%E9%A1%B5-1-%E8%B5%84%E6%96%99%E4%B8%8A%E4%BC%A0.html @ https://rp-java.itheima.net/zhyl/resources/scripts/messagecenter.js:296
[   47017ms] [LOG] dispatched to https://rp-java.itheima.net/zhyl/#id=knv5hl&p=%E5%85%A5%E4%BD%8F%E5%8A%9E%E7%90%86%E8%AF%A6%E6%83%85%E9%A1%B5-1-%E8%B5%84%E6%96%99%E4%B8%8A%E4%BC%A0&g=1 @ https://rp-java.itheima.net/zhyl/resources/scripts/messagecenter.js:296
[   47017ms] [LOG] dispatched to https://rp-java.itheima.net/zhyl/%E5%85%A5%E4%BD%8F%E5%8A%9E%E7%90%86%E8%AF%A6%E6%83%85%E9%A1%B5-1-%E8%B5%84%E6%96%99%E4%B8%8A%E4%BC%A0.html @ https://rp-java.itheima.net/zhyl/resources/scripts/messagecenter.js:296
[   47017ms] [LOG] dispatched to https://rp-java.itheima.net/zhyl/#id=knv5hl&p=%E5%85%A5%E4%BD%8F%E5%8A%9E%E7%90%86%E8%AF%A6%E6%83%85%E9%A1%B5-1-%E8%B5%84%E6%96%99%E4%B8%8A%E4%BC%A0&g=1 @ https://rp-java.itheima.net/zhyl/resources/scripts/messagecenter.js:296
[   47017ms] [LOG] dispatched to https://rp-java.itheima.net/zhyl/%E5%85%A5%E4%BD%8F%E5%8A%9E%E7%90%86%E8%AF%A6%E6%83%85%E9%A1%B5-1-%E8%B5%84%E6%96%99%E4%B8%8A%E4%BC%A0.html @ https://rp-java.itheima.net/zhyl/resources/scripts/messagecenter.js:296
[   47017ms] [LOG] dispatched to https://rp-java.itheima.net/zhyl/%E5%85%A5%E4%BD%8F%E5%8A%9E%E7%90%86%E8%AF%A6%E6%83%85%E9%A1%B5-1-%E8%B5%84%E6%96%99%E4%B8%8A%E4%BC%A0.html @ https://rp-java.itheima.net/zhyl/resources/scripts/messagecenter.js:296
[   67560ms] [LOG] adding from https://rp-java.itheima.net/zhyl/%E5%85%A5%E4%BD%8F%E5%8A%9E%E7%90%86%E8%AF%A6%E6%83%85%E9%A1%B5-2-%E8%83%BD%E5%8A%9B%E8%AF%84%E4%BC%B0.html @ https://rp-java.itheima.net/zhyl/resources/scripts/messagecenter.js:240
[   67561ms] [LOG] dispatched to https://rp-java.itheima.net/zhyl/#id=knv5hl&p=%E5%85%A5%E4%BD%8F%E5%8A%9E%E7%90%86%E8%AF%A6%E6%83%85%E9%A1%B5-1-%E8%B5%84%E6%96%99%E4%B8%8A%E4%BC%A0&g=1 @ https://rp-java.itheima.net/zhyl/resources/scripts/messagecenter.js:296
[   67563ms] [LOG] dispatched to https://rp-java.itheima.net/zhyl/#id=crudna&p=%E5%85%A5%E4%BD%8F%E5%8A%9E%E7%90%86%E8%AF%A6%E6%83%85%E9%A1%B5-2-%E8%83%BD%E5%8A%9B%E8%AF%84%E4%BC%B0&g=1 @ https://rp-java.itheima.net/zhyl/resources/scripts/messagecenter.js:296
[   67563ms] [LOG] dispatched to https://rp-java.itheima.net/zhyl/%E5%85%A5%E4%BD%8F%E5%8A%9E%E7%90%86%E8%AF%A6%E6%83%85%E9%A1%B5-2-%E8%83%BD%E5%8A%9B%E8%AF%84%E4%BC%B0.html @ https://rp-java.itheima.net/zhyl/resources/scripts/messagecenter.js:296
[   67563ms] [LOG] dispatched to https://rp-java.itheima.net/zhyl/#id=crudna&p=%E5%85%A5%E4%BD%8F%E5%8A%9E%E7%90%86%E8%AF%A6%E6%83%85%E9%A1%B5-2-%E8%83%BD%E5%8A%9B%E8%AF%84%E4%BC%B0&g=1 @ https://rp-java.itheima.net/zhyl/resources/scripts/messagecenter.js:296
[   67563ms] [LOG] dispatched to https://rp-java.itheima.net/zhyl/%E5%85%A5%E4%BD%8F%E5%8A%9E%E7%90%86%E8%AF%A6%E6%83%85%E9%A1%B5-2-%E8%83%BD%E5%8A%9B%E8%AF%84%E4%BC%B0.html @ https://rp-java.itheima.net/zhyl/resources/scripts/messagecenter.js:296
[   67564ms] [LOG] dispatched to https://rp-java.itheima.net/zhyl/#id=crudna&p=%E5%85%A5%E4%BD%8F%E5%8A%9E%E7%90%86%E8%AF%A6%E6%83%85%E9%A1%B5-2-%E8%83%BD%E5%8A%9B%E8%AF%84%E4%BC%B0&g=1 @ https://rp-java.itheima.net/zhyl/resources/scripts/messagecenter.js:296
[   67564ms] [LOG] dispatched to https://rp-java.itheima.net/zhyl/%E5%85%A5%E4%BD%8F%E5%8A%9E%E7%90%86%E8%AF%A6%E6%83%85%E9%A1%B5-2-%E8%83%BD%E5%8A%9B%E8%AF%84%E4%BC%B0.html @ https://rp-java.itheima.net/zhyl/resources/scripts/messagecenter.js:296
[   67565ms] [LOG] dispatched to https://rp-java.itheima.net/zhyl/#id=crudna&p=%E5%85%A5%E4%BD%8F%E5%8A%9E%E7%90%86%E8%AF%A6%E6%83%85%E9%A1%B5-2-%E8%83%BD%E5%8A%9B%E8%AF%84%E4%BC%B0&g=1 @ https://rp-java.itheima.net/zhyl/resources/scripts/messagecenter.js:296
[   67565ms] [LOG] dispatched to https://rp-java.itheima.net/zhyl/%E5%85%A5%E4%BD%8F%E5%8A%9E%E7%90%86%E8%AF%A6%E6%83%85%E9%A1%B5-2-%E8%83%BD%E5%8A%9B%E8%AF%84%E4%BC%B0.html @ https://rp-java.itheima.net/zhyl/resources/scripts/messagecenter.js:296
[   67565ms] [LOG] dispatched to https://rp-java.itheima.net/zhyl/#id=crudna&p=%E5%85%A5%E4%BD%8F%E5%8A%9E%E7%90%86%E8%AF%A6%E6%83%85%E9%A1%B5-2-%E8%83%BD%E5%8A%9B%E8%AF%84%E4%BC%B0&g=1 @ https://rp-java.itheima.net/zhyl/resources/scripts/messagecenter.js:296
[   67565ms] [LOG] dispatched to https://rp-java.itheima.net/zhyl/%E5%85%A5%E4%BD%8F%E5%8A%9E%E7%90%86%E8%AF%A6%E6%83%85%E9%A1%B5-2-%E8%83%BD%E5%8A%9B%E8%AF%84%E4%BC%B0.html @ https://rp-java.itheima.net/zhyl/resources/scripts/messagecenter.js:296
[   67565ms] [LOG] dispatched to https://rp-java.itheima.net/zhyl/#id=crudna&p=%E5%85%A5%E4%BD%8F%E5%8A%9E%E7%90%86%E8%AF%A6%E6%83%85%E9%A1%B5-2-%E8%83%BD%E5%8A%9B%E8%AF%84%E4%BC%B0&g=1 @ https://rp-java.itheima.net/zhyl/resources/scripts/messagecenter.js:296
[   67565ms] [LOG] dispatched to https://rp-java.itheima.net/zhyl/%E5%85%A5%E4%BD%8F%E5%8A%9E%E7%90%86%E8%AF%A6%E6%83%85%E9%A1%B5-2-%E8%83%BD%E5%8A%9B%E8%AF%84%E4%BC%B0.html @ https://rp-java.itheima.net/zhyl/resources/scripts/messagecenter.js:296
[   67565ms] [LOG] dispatched to https://rp-java.itheima.net/zhyl/#id=crudna&p=%E5%85%A5%E4%BD%8F%E5%8A%9E%E7%90%86%E8%AF%A6%E6%83%85%E9%A1%B5-2-%E8%83%BD%E5%8A%9B%E8%AF%84%E4%BC%B0&g=1 @ https://rp-java.itheima.net/zhyl/resources/scripts/messagecenter.js:296
[   67565ms] [LOG] dispatched to https://rp-java.itheima.net/zhyl/%E5%85%A5%E4%BD%8F%E5%8A%9E%E7%90%86%E8%AF%A6%E6%83%85%E9%A1%B5-2-%E8%83%BD%E5%8A%9B%E8%AF%84%E4%BC%B0.html @ https://rp-java.itheima.net/zhyl/resources/scripts/messagecenter.js:296
[   67573ms] [LOG] dispatched to https://rp-java.itheima.net/zhyl/#id=crudna&p=%E5%85%A5%E4%BD%8F%E5%8A%9E%E7%90%86%E8%AF%A6%E6%83%85%E9%A1%B5-2-%E8%83%BD%E5%8A%9B%E8%AF%84%E4%BC%B0&g=1 @ https://rp-java.itheima.net/zhyl/resources/scripts/messagecenter.js:296
[   67574ms] [LOG] dispatched to https://rp-java.itheima.net/zhyl/#id=crudna&p=%E5%85%A5%E4%BD%8F%E5%8A%9E%E7%90%86%E8%AF%A6%E6%83%85%E9%A1%B5-2-%E8%83%BD%E5%8A%9B%E8%AF%84%E4%BC%B0&g=1 @ https://rp-java.itheima.net/zhyl/resources/scripts/messagecenter.js:296
[   67574ms] [LOG] dispatched to https://rp-java.itheima.net/zhyl/%E5%85%A5%E4%BD%8F%E5%8A%9E%E7%90%86%E8%AF%A6%E6%83%85%E9%A1%B5-2-%E8%83%BD%E5%8A%9B%E8%AF%84%E4%BC%B0.html @ https://rp-java.itheima.net/zhyl/resources/scripts/messagecenter.js:296
[   67574ms] [LOG] dispatched to https://rp-java.itheima.net/zhyl/#id=crudna&p=%E5%85%A5%E4%BD%8F%E5%8A%9E%E7%90%86%E8%AF%A6%E6%83%85%E9%A1%B5-2-%E8%83%BD%E5%8A%9B%E8%AF%84%E4%BC%B0&g=1 @ https://rp-java.itheima.net/zhyl/resources/scripts/messagecenter.js:296
[   67575ms] [LOG] dispatched to https://rp-java.itheima.net/zhyl/%E5%85%A5%E4%BD%8F%E5%8A%9E%E7%90%86%E8%AF%A6%E6%83%85%E9%A1%B5-2-%E8%83%BD%E5%8A%9B%E8%AF%84%E4%BC%B0.html @ https://rp-java.itheima.net/zhyl/resources/scripts/messagecenter.js:296
[   67575ms] [LOG] dispatched to https://rp-java.itheima.net/zhyl/#id=crudna&p=%E5%85%A5%E4%BD%8F%E5%8A%9E%E7%90%86%E8%AF%A6%E6%83%85%E9%A1%B5-2-%E8%83%BD%E5%8A%9B%E8%AF%84%E4%BC%B0&g=1 @ https://rp-java.itheima.net/zhyl/resources/scripts/messagecenter.js:296
[   67575ms] [LOG] dispatched to https://rp-java.itheima.net/zhyl/%E5%85%A5%E4%BD%8F%E5%8A%9E%E7%90%86%E8%AF%A6%E6%83%85%E9%A1%B5-2-%E8%83%BD%E5%8A%9B%E8%AF%84%E4%BC%B0.html @ https://rp-java.itheima.net/zhyl/resources/scripts/messagecenter.js:296
[   67575ms] [LOG] dispatched to https://rp-java.itheima.net/zhyl/#id=crudna&p=%E5%85%A5%E4%BD%8F%E5%8A%9E%E7%90%86%E8%AF%A6%E6%83%85%E9%A1%B5-2-%E8%83%BD%E5%8A%9B%E8%AF%84%E4%BC%B0&g=1 @ https://rp-java.itheima.net/zhyl/resources/scripts/messagecenter.js:296
[   67575ms] [LOG] dispatched to https://rp-java.itheima.net/zhyl/%E5%85%A5%E4%BD%8F%E5%8A%9E%E7%90%86%E8%AF%A6%E6%83%85%E9%A1%B5-2-%E8%83%BD%E5%8A%9B%E8%AF%84%E4%BC%B0.html @ https://rp-java.itheima.net/zhyl/resources/scripts/messagecenter.js:296
[   67575ms] [LOG] dispatched to https://rp-java.itheima.net/zhyl/%E5%85%A5%E4%BD%8F%E5%8A%9E%E7%90%86%E8%AF%A6%E6%83%85%E9%A1%B5-2-%E8%83%BD%E5%8A%9B%E8%AF%84%E4%BC%B0.html @ https://rp-java.itheima.net/zhyl/resources/scripts/messagecenter.js:296
[   67575ms] [LOG] loadTime: 0 @ https://rp-java.itheima.net/zhyl/resources/scripts/axure/init.temp.js:277
[   67620ms] [LOG] dispatched to https://rp-java.itheima.net/zhyl/#id=crudna&p=%E5%85%A5%E4%BD%8F%E5%8A%9E%E7%90%86%E8%AF%A6%E6%83%85%E9%A1%B5-2-%E8%83%BD%E5%8A%9B%E8%AF%84%E4%BC%B0&g=1 @ https://rp-java.itheima.net/zhyl/resources/scripts/messagecenter.js:296
[   67620ms] [LOG] dispatched to https://rp-java.itheima.net/zhyl/%E5%85%A5%E4%BD%8F%E5%8A%9E%E7%90%86%E8%AF%A6%E6%83%85%E9%A1%B5-2-%E8%83%BD%E5%8A%9B%E8%AF%84%E4%BC%B0.html @ https://rp-java.itheima.net/zhyl/resources/scripts/messagecenter.js:296
[   67621ms] [LOG] dispatched to https://rp-java.itheima.net/zhyl/#id=crudna&p=%E5%85%A5%E4%BD%8F%E5%8A%9E%E7%90%86%E8%AF%A6%E6%83%85%E9%A1%B5-2-%E8%83%BD%E5%8A%9B%E8%AF%84%E4%BC%B0&g=1 @ https://rp-java.itheima.net/zhyl/resources/scripts/messagecenter.js:296
[   67621ms] [LOG] dispatched to https://rp-java.itheima.net/zhyl/%E5%85%A5%E4%BD%8F%E5%8A%9E%E7%90%86%E8%AF%A6%E6%83%85%E9%A1%B5-2-%E8%83%BD%E5%8A%9B%E8%AF%84%E4%BC%B0.html @ https://rp-java.itheima.net/zhyl/resources/scripts/messagecenter.js:296
[   67621ms] [LOG] dispatched to https://rp-java.itheima.net/zhyl/#id=crudna&p=%E5%85%A5%E4%BD%8F%E5%8A%9E%E7%90%86%E8%AF%A6%E6%83%85%E9%A1%B5-2-%E8%83%BD%E5%8A%9B%E8%AF%84%E4%BC%B0&g=1 @ https://rp-java.itheima.net/zhyl/resources/scripts/messagecenter.js:296
[   67621ms] [LOG] dispatched to https://rp-java.itheima.net/zhyl/%E5%85%A5%E4%BD%8F%E5%8A%9E%E7%90%86%E8%AF%A6%E6%83%85%E9%A1%B5-2-%E8%83%BD%E5%8A%9B%E8%AF%84%E4%BC%B0.html @ https://rp-java.itheima.net/zhyl/resources/scripts/messagecenter.js:296
[   67621ms] [LOG] dispatched to https://rp-java.itheima.net/zhyl/%E5%85%A5%E4%BD%8F%E5%8A%9E%E7%90%86%E8%AF%A6%E6%83%85%E9%A1%B5-2-%E8%83%BD%E5%8A%9B%E8%AF%84%E4%BC%B0.html @ https://rp-java.itheima.net/zhyl/resources/scripts/messagecenter.js:296
[   89048ms] [LOG] adding from https://rp-java.itheima.net/zhyl/%E5%85%A5%E4%BD%8F%E5%8A%9E%E7%90%86%E8%AF%A6%E6%83%85%E9%A1%B5-2-%E8%AF%84%E4%BC%B0%E6%8A%A5%E5%91%8A.html @ https://rp-java.itheima.net/zhyl/resources/scripts/messagecenter.js:240
[   89049ms] [LOG] dispatched to https://rp-java.itheima.net/zhyl/#id=crudna&p=%E5%85%A5%E4%BD%8F%E5%8A%9E%E7%90%86%E8%AF%A6%E6%83%85%E9%A1%B5-2-%E8%83%BD%E5%8A%9B%E8%AF%84%E4%BC%B0&g=1 @ https://rp-java.itheima.net/zhyl/resources/scripts/messagecenter.js:296
[   89051ms] [LOG] dispatched to https://rp-java.itheima.net/zhyl/#id=8dcxww&p=%E5%85%A5%E4%BD%8F%E5%8A%9E%E7%90%86%E8%AF%A6%E6%83%85%E9%A1%B5-2-%E8%AF%84%E4%BC%B0%E6%8A%A5%E5%91%8A&g=1 @ https://rp-java.itheima.net/zhyl/resources/scripts/messagecenter.js:296
[   89051ms] [LOG] dispatched to https://rp-java.itheima.net/zhyl/%E5%85%A5%E4%BD%8F%E5%8A%9E%E7%90%86%E8%AF%A6%E6%83%85%E9%A1%B5-2-%E8%AF%84%E4%BC%B0%E6%8A%A5%E5%91%8A.html @ https://rp-java.itheima.net/zhyl/resources/scripts/messagecenter.js:296
[   89052ms] [LOG] dispatched to https://rp-java.itheima.net/zhyl/#id=8dcxww&p=%E5%85%A5%E4%BD%8F%E5%8A%9E%E7%90%86%E8%AF%A6%E6%83%85%E9%A1%B5-2-%E8%AF%84%E4%BC%B0%E6%8A%A5%E5%91%8A&g=1 @ https://rp-java.itheima.net/zhyl/resources/scripts/messagecenter.js:296
[   89052ms] [LOG] dispatched to https://rp-java.itheima.net/zhyl/%E5%85%A5%E4%BD%8F%E5%8A%9E%E7%90%86%E8%AF%A6%E6%83%85%E9%A1%B5-2-%E8%AF%84%E4%BC%B0%E6%8A%A5%E5%91%8A.html @ https://rp-java.itheima.net/zhyl/resources/scripts/messagecenter.js:296
[   89052ms] [LOG] dispatched to https://rp-java.itheima.net/zhyl/#id=8dcxww&p=%E5%85%A5%E4%BD%8F%E5%8A%9E%E7%90%86%E8%AF%A6%E6%83%85%E9%A1%B5-2-%E8%AF%84%E4%BC%B0%E6%8A%A5%E5%91%8A&g=1 @ https://rp-java.itheima.net/zhyl/resources/scripts/messagecenter.js:296
[   89052ms] [LOG] dispatched to https://rp-java.itheima.net/zhyl/%E5%85%A5%E4%BD%8F%E5%8A%9E%E7%90%86%E8%AF%A6%E6%83%85%E9%A1%B5-2-%E8%AF%84%E4%BC%B0%E6%8A%A5%E5%91%8A.html @ https://rp-java.itheima.net/zhyl/resources/scripts/messagecenter.js:296
[   89053ms] [LOG] dispatched to https://rp-java.itheima.net/zhyl/#id=8dcxww&p=%E5%85%A5%E4%BD%8F%E5%8A%9E%E7%90%86%E8%AF%A6%E6%83%85%E9%A1%B5-2-%E8%AF%84%E4%BC%B0%E6%8A%A5%E5%91%8A&g=1 @ https://rp-java.itheima.net/zhyl/resources/scripts/messagecenter.js:296
[   89053ms] [LOG] dispatched to https://rp-java.itheima.net/zhyl/%E5%85%A5%E4%BD%8F%E5%8A%9E%E7%90%86%E8%AF%A6%E6%83%85%E9%A1%B5-2-%E8%AF%84%E4%BC%B0%E6%8A%A5%E5%91%8A.html @ https://rp-java.itheima.net/zhyl/resources/scripts/messagecenter.js:296
[   89053ms] [LOG] dispatched to https://rp-java.itheima.net/zhyl/#id=8dcxww&p=%E5%85%A5%E4%BD%8F%E5%8A%9E%E7%90%86%E8%AF%A6%E6%83%85%E9%A1%B5-2-%E8%AF%84%E4%BC%B0%E6%8A%A5%E5%91%8A&g=1 @ https://rp-java.itheima.net/zhyl/resources/scripts/messagecenter.js:296
[   89053ms] [LOG] dispatched to https://rp-java.itheima.net/zhyl/%E5%85%A5%E4%BD%8F%E5%8A%9E%E7%90%86%E8%AF%A6%E6%83%85%E9%A1%B5-2-%E8%AF%84%E4%BC%B0%E6%8A%A5%E5%91%8A.html @ https://rp-java.itheima.net/zhyl/resources/scripts/messagecenter.js:296
[   89054ms] [LOG] dispatched to https://rp-java.itheima.net/zhyl/#id=8dcxww&p=%E5%85%A5%E4%BD%8F%E5%8A%9E%E7%90%86%E8%AF%A6%E6%83%85%E9%A1%B5-2-%E8%AF%84%E4%BC%B0%E6%8A%A5%E5%91%8A&g=1 @ https://rp-java.itheima.net/zhyl/resources/scripts/messagecenter.js:296
[   89054ms] [LOG] dispatched to https://rp-java.itheima.net/zhyl/%E5%85%A5%E4%BD%8F%E5%8A%9E%E7%90%86%E8%AF%A6%E6%83%85%E9%A1%B5-2-%E8%AF%84%E4%BC%B0%E6%8A%A5%E5%91%8A.html @ https://rp-java.itheima.net/zhyl/resources/scripts/messagecenter.js:296
[   89054ms] [LOG] dispatched to https://rp-java.itheima.net/zhyl/#id=8dcxww&p=%E5%85%A5%E4%BD%8F%E5%8A%9E%E7%90%86%E8%AF%A6%E6%83%85%E9%A1%B5-2-%E8%AF%84%E4%BC%B0%E6%8A%A5%E5%91%8A&g=1 @ https://rp-java.itheima.net/zhyl/resources/scripts/messagecenter.js:296
[   89054ms] [LOG] dispatched to https://rp-java.itheima.net/zhyl/%E5%85%A5%E4%BD%8F%E5%8A%9E%E7%90%86%E8%AF%A6%E6%83%85%E9%A1%B5-2-%E8%AF%84%E4%BC%B0%E6%8A%A5%E5%91%8A.html @ https://rp-java.itheima.net/zhyl/resources/scripts/messagecenter.js:296
[   89062ms] [LOG] dispatched to https://rp-java.itheima.net/zhyl/#id=8dcxww&p=%E5%85%A5%E4%BD%8F%E5%8A%9E%E7%90%86%E8%AF%A6%E6%83%85%E9%A1%B5-2-%E8%AF%84%E4%BC%B0%E6%8A%A5%E5%91%8A&g=1 @ https://rp-java.itheima.net/zhyl/resources/scripts/messagecenter.js:296
[   89062ms] [LOG] dispatched to https://rp-java.itheima.net/zhyl/#id=8dcxww&p=%E5%85%A5%E4%BD%8F%E5%8A%9E%E7%90%86%E8%AF%A6%E6%83%85%E9%A1%B5-2-%E8%AF%84%E4%BC%B0%E6%8A%A5%E5%91%8A&g=1 @ https://rp-java.itheima.net/zhyl/resources/scripts/messagecenter.js:296
[   89062ms] [LOG] dispatched to https://rp-java.itheima.net/zhyl/%E5%85%A5%E4%BD%8F%E5%8A%9E%E7%90%86%E8%AF%A6%E6%83%85%E9%A1%B5-2-%E8%AF%84%E4%BC%B0%E6%8A%A5%E5%91%8A.html @ https://rp-java.itheima.net/zhyl/resources/scripts/messagecenter.js:296
[   89063ms] [LOG] dispatched to https://rp-java.itheima.net/zhyl/#id=8dcxww&p=%E5%85%A5%E4%BD%8F%E5%8A%9E%E7%90%86%E8%AF%A6%E6%83%85%E9%A1%B5-2-%E8%AF%84%E4%BC%B0%E6%8A%A5%E5%91%8A&g=1 @ https://rp-java.itheima.net/zhyl/resources/scripts/messagecenter.js:296
[   89063ms] [LOG] dispatched to https://rp-java.itheima.net/zhyl/%E5%85%A5%E4%BD%8F%E5%8A%9E%E7%90%86%E8%AF%A6%E6%83%85%E9%A1%B5-2-%E8%AF%84%E4%BC%B0%E6%8A%A5%E5%91%8A.html @ https://rp-java.itheima.net/zhyl/resources/scripts/messagecenter.js:296
[   89063ms] [LOG] dispatched to https://rp-java.itheima.net/zhyl/#id=8dcxww&p=%E5%85%A5%E4%BD%8F%E5%8A%9E%E7%90%86%E8%AF%A6%E6%83%85%E9%A1%B5-2-%E8%AF%84%E4%BC%B0%E6%8A%A5%E5%91%8A&g=1 @ https://rp-java.itheima.net/zhyl/resources/scripts/messagecenter.js:296
[   89063ms] [LOG] dispatched to https://rp-java.itheima.net/zhyl/%E5%85%A5%E4%BD%8F%E5%8A%9E%E7%90%86%E8%AF%A6%E6%83%85%E9%A1%B5-2-%E8%AF%84%E4%BC%B0%E6%8A%A5%E5%91%8A.html @ https://rp-java.itheima.net/zhyl/resources/scripts/messagecenter.js:296
[   89063ms] [LOG] dispatched to https://rp-java.itheima.net/zhyl/#id=8dcxww&p=%E5%85%A5%E4%BD%8F%E5%8A%9E%E7%90%86%E8%AF%A6%E6%83%85%E9%A1%B5-2-%E8%AF%84%E4%BC%B0%E6%8A%A5%E5%91%8A&g=1 @ https://rp-java.itheima.net/zhyl/resources/scripts/messagecenter.js:296
[   89064ms] [LOG] dispatched to https://rp-java.itheima.net/zhyl/%E5%85%A5%E4%BD%8F%E5%8A%9E%E7%90%86%E8%AF%A6%E6%83%85%E9%A1%B5-2-%E8%AF%84%E4%BC%B0%E6%8A%A5%E5%91%8A.html @ https://rp-java.itheima.net/zhyl/resources/scripts/messagecenter.js:296
[   89064ms] [LOG] dispatched to https://rp-java.itheima.net/zhyl/%E5%85%A5%E4%BD%8F%E5%8A%9E%E7%90%86%E8%AF%A6%E6%83%85%E9%A1%B5-2-%E8%AF%84%E4%BC%B0%E6%8A%A5%E5%91%8A.html @ https://rp-java.itheima.net/zhyl/resources/scripts/messagecenter.js:296
[   89064ms] [LOG] loadTime: 0 @ https://rp-java.itheima.net/zhyl/resources/scripts/axure/init.temp.js:277
[   89075ms] [LOG] dispatched to https://rp-java.itheima.net/zhyl/#id=8dcxww&p=%E5%85%A5%E4%BD%8F%E5%8A%9E%E7%90%86%E8%AF%A6%E6%83%85%E9%A1%B5-2-%E8%AF%84%E4%BC%B0%E6%8A%A5%E5%91%8A&g=1 @ https://rp-java.itheima.net/zhyl/resources/scripts/messagecenter.js:296
[   89076ms] [LOG] dispatched to https://rp-java.itheima.net/zhyl/%E5%85%A5%E4%BD%8F%E5%8A%9E%E7%90%86%E8%AF%A6%E6%83%85%E9%A1%B5-2-%E8%AF%84%E4%BC%B0%E6%8A%A5%E5%91%8A.html @ https://rp-java.itheima.net/zhyl/resources/scripts/messagecenter.js:296
[   89076ms] [LOG] dispatched to https://rp-java.itheima.net/zhyl/#id=8dcxww&p=%E5%85%A5%E4%BD%8F%E5%8A%9E%E7%90%86%E8%AF%A6%E6%83%85%E9%A1%B5-2-%E8%AF%84%E4%BC%B0%E6%8A%A5%E5%91%8A&g=1 @ https://rp-java.itheima.net/zhyl/resources/scripts/messagecenter.js:296
[   89076ms] [LOG] dispatched to https://rp-java.itheima.net/zhyl/%E5%85%A5%E4%BD%8F%E5%8A%9E%E7%90%86%E8%AF%A6%E6%83%85%E9%A1%B5-2-%E8%AF%84%E4%BC%B0%E6%8A%A5%E5%91%8A.html @ https://rp-java.itheima.net/zhyl/resources/scripts/messagecenter.js:296
[   89076ms] [LOG] dispatched to https://rp-java.itheima.net/zhyl/#id=8dcxww&p=%E5%85%A5%E4%BD%8F%E5%8A%9E%E7%90%86%E8%AF%A6%E6%83%85%E9%A1%B5-2-%E8%AF%84%E4%BC%B0%E6%8A%A5%E5%91%8A&g=1 @ https://rp-java.itheima.net/zhyl/resources/scripts/messagecenter.js:296
[   89076ms] [LOG] dispatched to https://rp-java.itheima.net/zhyl/%E5%85%A5%E4%BD%8F%E5%8A%9E%E7%90%86%E8%AF%A6%E6%83%85%E9%A1%B5-2-%E8%AF%84%E4%BC%B0%E6%8A%A5%E5%91%8A.html @ https://rp-java.itheima.net/zhyl/resources/scripts/messagecenter.js:296
[   89076ms] [LOG] dispatched to https://rp-java.itheima.net/zhyl/%E5%85%A5%E4%BD%8F%E5%8A%9E%E7%90%86%E8%AF%A6%E6%83%85%E9%A1%B5-2-%E8%AF%84%E4%BC%B0%E6%8A%A5%E5%91%8A.html @ https://rp-java.itheima.net/zhyl/resources/scripts/messagecenter.js:296
[  107506ms] [LOG] adding from https://rp-java.itheima.net/zhyl/%E5%85%A5%E4%BD%8F%E5%8A%9E%E7%90%86%E8%AF%A6%E6%83%85%E9%A1%B5-3-%E5%85%A5%E4%BD%8F%E5%AE%A1%E6%89%B9-%E5%8F%91%E8%B5%B7%E4%BA%BA.html @ https://rp-java.itheima.net/zhyl/resources/scripts/messagecenter.js:240
[  107506ms] [LOG] dispatched to https://rp-java.itheima.net/zhyl/#id=8dcxww&p=%E5%85%A5%E4%BD%8F%E5%8A%9E%E7%90%86%E8%AF%A6%E6%83%85%E9%A1%B5-2-%E8%AF%84%E4%BC%B0%E6%8A%A5%E5%91%8A&g=1 @ https://rp-java.itheima.net/zhyl/resources/scripts/messagecenter.js:296
[  107509ms] [LOG] dispatched to https://rp-java.itheima.net/zhyl/#id=wqs3ov&p=%E5%85%A5%E4%BD%8F%E5%8A%9E%E7%90%86%E8%AF%A6%E6%83%85%E9%A1%B5-3-%E5%85%A5%E4%BD%8F%E5%AE%A1%E6%89%B9-%E5%8F%91%E8%B5%B7%E4%BA%BA&g=1 @ https://rp-java.itheima.net/zhyl/resources/scripts/messagecenter.js:296
[  107509ms] [LOG] dispatched to https://rp-java.itheima.net/zhyl/%E5%85%A5%E4%BD%8F%E5%8A%9E%E7%90%86%E8%AF%A6%E6%83%85%E9%A1%B5-3-%E5%85%A5%E4%BD%8F%E5%AE%A1%E6%89%B9-%E5%8F%91%E8%B5%B7%E4%BA%BA.html @ https://rp-java.itheima.net/zhyl/resources/scripts/messagecenter.js:296
[  107509ms] [LOG] dispatched to https://rp-java.itheima.net/zhyl/#id=wqs3ov&p=%E5%85%A5%E4%BD%8F%E5%8A%9E%E7%90%86%E8%AF%A6%E6%83%85%E9%A1%B5-3-%E5%85%A5%E4%BD%8F%E5%AE%A1%E6%89%B9-%E5%8F%91%E8%B5%B7%E4%BA%BA&g=1 @ https://rp-java.itheima.net/zhyl/resources/scripts/messagecenter.js:296
[  107510ms] [LOG] dispatched to https://rp-java.itheima.net/zhyl/%E5%85%A5%E4%BD%8F%E5%8A%9E%E7%90%86%E8%AF%A6%E6%83%85%E9%A1%B5-3-%E5%85%A5%E4%BD%8F%E5%AE%A1%E6%89%B9-%E5%8F%91%E8%B5%B7%E4%BA%BA.html @ https://rp-java.itheima.net/zhyl/resources/scripts/messagecenter.js:296
[  107510ms] [LOG] dispatched to https://rp-java.itheima.net/zhyl/#id=wqs3ov&p=%E5%85%A5%E4%BD%8F%E5%8A%9E%E7%90%86%E8%AF%A6%E6%83%85%E9%A1%B5-3-%E5%85%A5%E4%BD%8F%E5%AE%A1%E6%89%B9-%E5%8F%91%E8%B5%B7%E4%BA%BA&g=1 @ https://rp-java.itheima.net/zhyl/resources/scripts/messagecenter.js:296
[  107510ms] [LOG] dispatched to https://rp-java.itheima.net/zhyl/%E5%85%A5%E4%BD%8F%E5%8A%9E%E7%90%86%E8%AF%A6%E6%83%85%E9%A1%B5-3-%E5%85%A5%E4%BD%8F%E5%AE%A1%E6%89%B9-%E5%8F%91%E8%B5%B7%E4%BA%BA.html @ https://rp-java.itheima.net/zhyl/resources/scripts/messagecenter.js:296
[  107511ms] [LOG] dispatched to https://rp-java.itheima.net/zhyl/#id=wqs3ov&p=%E5%85%A5%E4%BD%8F%E5%8A%9E%E7%90%86%E8%AF%A6%E6%83%85%E9%A1%B5-3-%E5%85%A5%E4%BD%8F%E5%AE%A1%E6%89%B9-%E5%8F%91%E8%B5%B7%E4%BA%BA&g=1 @ https://rp-java.itheima.net/zhyl/resources/scripts/messagecenter.js:296
[  107511ms] [LOG] dispatched to https://rp-java.itheima.net/zhyl/%E5%85%A5%E4%BD%8F%E5%8A%9E%E7%90%86%E8%AF%A6%E6%83%85%E9%A1%B5-3-%E5%85%A5%E4%BD%8F%E5%AE%A1%E6%89%B9-%E5%8F%91%E8%B5%B7%E4%BA%BA.html @ https://rp-java.itheima.net/zhyl/resources/scripts/messagecenter.js:296
[  107511ms] [LOG] dispatched to https://rp-java.itheima.net/zhyl/#id=wqs3ov&p=%E5%85%A5%E4%BD%8F%E5%8A%9E%E7%90%86%E8%AF%A6%E6%83%85%E9%A1%B5-3-%E5%85%A5%E4%BD%8F%E5%AE%A1%E6%89%B9-%E5%8F%91%E8%B5%B7%E4%BA%BA&g=1 @ https://rp-java.itheima.net/zhyl/resources/scripts/messagecenter.js:296
[  107511ms] [LOG] dispatched to https://rp-java.itheima.net/zhyl/%E5%85%A5%E4%BD%8F%E5%8A%9E%E7%90%86%E8%AF%A6%E6%83%85%E9%A1%B5-3-%E5%85%A5%E4%BD%8F%E5%AE%A1%E6%89%B9-%E5%8F%91%E8%B5%B7%E4%BA%BA.html @ https://rp-java.itheima.net/zhyl/resources/scripts/messagecenter.js:296
[  107511ms] [LOG] dispatched to https://rp-java.itheima.net/zhyl/#id=wqs3ov&p=%E5%85%A5%E4%BD%8F%E5%8A%9E%E7%90%86%E8%AF%A6%E6%83%85%E9%A1%B5-3-%E5%85%A5%E4%BD%8F%E5%AE%A1%E6%89%B9-%E5%8F%91%E8%B5%B7%E4%BA%BA&g=1 @ https://rp-java.itheima.net/zhyl/resources/scripts/messagecenter.js:296
[  107511ms] [LOG] dispatched to https://rp-java.itheima.net/zhyl/%E5%85%A5%E4%BD%8F%E5%8A%9E%E7%90%86%E8%AF%A6%E6%83%85%E9%A1%B5-3-%E5%85%A5%E4%BD%8F%E5%AE%A1%E6%89%B9-%E5%8F%91%E8%B5%B7%E4%BA%BA.html @ https://rp-java.itheima.net/zhyl/resources/scripts/messagecenter.js:296
[  107511ms] [LOG] dispatched to https://rp-java.itheima.net/zhyl/#id=wqs3ov&p=%E5%85%A5%E4%BD%8F%E5%8A%9E%E7%90%86%E8%AF%A6%E6%83%85%E9%A1%B5-3-%E5%85%A5%E4%BD%8F%E5%AE%A1%E6%89%B9-%E5%8F%91%E8%B5%B7%E4%BA%BA&g=1 @ https://rp-java.itheima.net/zhyl/resources/scripts/messagecenter.js:296
[  107511ms] [LOG] dispatched to https://rp-java.itheima.net/zhyl/%E5%85%A5%E4%BD%8F%E5%8A%9E%E7%90%86%E8%AF%A6%E6%83%85%E9%A1%B5-3-%E5%85%A5%E4%BD%8F%E5%AE%A1%E6%89%B9-%E5%8F%91%E8%B5%B7%E4%BA%BA.html @ https://rp-java.itheima.net/zhyl/resources/scripts/messagecenter.js:296
[  107516ms] [LOG] dispatched to https://rp-java.itheima.net/zhyl/#id=wqs3ov&p=%E5%85%A5%E4%BD%8F%E5%8A%9E%E7%90%86%E8%AF%A6%E6%83%85%E9%A1%B5-3-%E5%85%A5%E4%BD%8F%E5%AE%A1%E6%89%B9-%E5%8F%91%E8%B5%B7%E4%BA%BA&g=1 @ https://rp-java.itheima.net/zhyl/resources/scripts/messagecenter.js:296
[  107517ms] [LOG] dispatched to https://rp-java.itheima.net/zhyl/#id=wqs3ov&p=%E5%85%A5%E4%BD%8F%E5%8A%9E%E7%90%86%E8%AF%A6%E6%83%85%E9%A1%B5-3-%E5%85%A5%E4%BD%8F%E5%AE%A1%E6%89%B9-%E5%8F%91%E8%B5%B7%E4%BA%BA&g=1 @ https://rp-java.itheima.net/zhyl/resources/scripts/messagecenter.js:296
[  107517ms] [LOG] dispatched to https://rp-java.itheima.net/zhyl/%E5%85%A5%E4%BD%8F%E5%8A%9E%E7%90%86%E8%AF%A6%E6%83%85%E9%A1%B5-3-%E5%85%A5%E4%BD%8F%E5%AE%A1%E6%89%B9-%E5%8F%91%E8%B5%B7%E4%BA%BA.html @ https://rp-java.itheima.net/zhyl/resources/scripts/messagecenter.js:296
[  107518ms] [LOG] dispatched to https://rp-java.itheima.net/zhyl/#id=wqs3ov&p=%E5%85%A5%E4%BD%8F%E5%8A%9E%E7%90%86%E8%AF%A6%E6%83%85%E9%A1%B5-3-%E5%85%A5%E4%BD%8F%E5%AE%A1%E6%89%B9-%E5%8F%91%E8%B5%B7%E4%BA%BA&g=1 @ https://rp-java.itheima.net/zhyl/resources/scripts/messagecenter.js:296
[  107518ms] [LOG] dispatched to https://rp-java.itheima.net/zhyl/%E5%85%A5%E4%BD%8F%E5%8A%9E%E7%90%86%E8%AF%A6%E6%83%85%E9%A1%B5-3-%E5%85%A5%E4%BD%8F%E5%AE%A1%E6%89%B9-%E5%8F%91%E8%B5%B7%E4%BA%BA.html @ https://rp-java.itheima.net/zhyl/resources/scripts/messagecenter.js:296
[  107518ms] [LOG] dispatched to https://rp-java.itheima.net/zhyl/#id=wqs3ov&p=%E5%85%A5%E4%BD%8F%E5%8A%9E%E7%90%86%E8%AF%A6%E6%83%85%E9%A1%B5-3-%E5%85%A5%E4%BD%8F%E5%AE%A1%E6%89%B9-%E5%8F%91%E8%B5%B7%E4%BA%BA&g=1 @ https://rp-java.itheima.net/zhyl/resources/scripts/messagecenter.js:296
[  107518ms] [LOG] dispatched to https://rp-java.itheima.net/zhyl/%E5%85%A5%E4%BD%8F%E5%8A%9E%E7%90%86%E8%AF%A6%E6%83%85%E9%A1%B5-3-%E5%85%A5%E4%BD%8F%E5%AE%A1%E6%89%B9-%E5%8F%91%E8%B5%B7%E4%BA%BA.html @ https://rp-java.itheima.net/zhyl/resources/scripts/messagecenter.js:296
[  107518ms] [LOG] dispatched to https://rp-java.itheima.net/zhyl/#id=wqs3ov&p=%E5%85%A5%E4%BD%8F%E5%8A%9E%E7%90%86%E8%AF%A6%E6%83%85%E9%A1%B5-3-%E5%85%A5%E4%BD%8F%E5%AE%A1%E6%89%B9-%E5%8F%91%E8%B5%B7%E4%BA%BA&g=1 @ https://rp-java.itheima.net/zhyl/resources/scripts/messagecenter.js:296
[  107518ms] [LOG] dispatched to https://rp-java.itheima.net/zhyl/%E5%85%A5%E4%BD%8F%E5%8A%9E%E7%90%86%E8%AF%A6%E6%83%85%E9%A1%B5-3-%E5%85%A5%E4%BD%8F%E5%AE%A1%E6%89%B9-%E5%8F%91%E8%B5%B7%E4%BA%BA.html @ https://rp-java.itheima.net/zhyl/resources/scripts/messagecenter.js:296
[  107519ms] [LOG] dispatched to https://rp-java.itheima.net/zhyl/%E5%85%A5%E4%BD%8F%E5%8A%9E%E7%90%86%E8%AF%A6%E6%83%85%E9%A1%B5-3-%E5%85%A5%E4%BD%8F%E5%AE%A1%E6%89%B9-%E5%8F%91%E8%B5%B7%E4%BA%BA.html @ https://rp-java.itheima.net/zhyl/resources/scripts/messagecenter.js:296
[  107519ms] [LOG] loadTime: 0 @ https://rp-java.itheima.net/zhyl/resources/scripts/axure/init.temp.js:277
[  107523ms] [LOG] dispatched to https://rp-java.itheima.net/zhyl/#id=wqs3ov&p=%E5%85%A5%E4%BD%8F%E5%8A%9E%E7%90%86%E8%AF%A6%E6%83%85%E9%A1%B5-3-%E5%85%A5%E4%BD%8F%E5%AE%A1%E6%89%B9-%E5%8F%91%E8%B5%B7%E4%BA%BA&g=1 @ https://rp-java.itheima.net/zhyl/resources/scripts/messagecenter.js:296
[  107524ms] [LOG] dispatched to https://rp-java.itheima.net/zhyl/%E5%85%A5%E4%BD%8F%E5%8A%9E%E7%90%86%E8%AF%A6%E6%83%85%E9%A1%B5-3-%E5%85%A5%E4%BD%8F%E5%AE%A1%E6%89%B9-%E5%8F%91%E8%B5%B7%E4%BA%BA.html @ https://rp-java.itheima.net/zhyl/resources/scripts/messagecenter.js:296
[  107524ms] [LOG] dispatched to https://rp-java.itheima.net/zhyl/#id=wqs3ov&p=%E5%85%A5%E4%BD%8F%E5%8A%9E%E7%90%86%E8%AF%A6%E6%83%85%E9%A1%B5-3-%E5%85%A5%E4%BD%8F%E5%AE%A1%E6%89%B9-%E5%8F%91%E8%B5%B7%E4%BA%BA&g=1 @ https://rp-java.itheima.net/zhyl/resources/scripts/messagecenter.js:296
[  107524ms] [LOG] dispatched to https://rp-java.itheima.net/zhyl/%E5%85%A5%E4%BD%8F%E5%8A%9E%E7%90%86%E8%AF%A6%E6%83%85%E9%A1%B5-3-%E5%85%A5%E4%BD%8F%E5%AE%A1%E6%89%B9-%E5%8F%91%E8%B5%B7%E4%BA%BA.html @ https://rp-java.itheima.net/zhyl/resources/scripts/messagecenter.js:296
[  107524ms] [LOG] dispatched to https://rp-java.itheima.net/zhyl/#id=wqs3ov&p=%E5%85%A5%E4%BD%8F%E5%8A%9E%E7%90%86%E8%AF%A6%E6%83%85%E9%A1%B5-3-%E5%85%A5%E4%BD%8F%E5%AE%A1%E6%89%B9-%E5%8F%91%E8%B5%B7%E4%BA%BA&g=1 @ https://rp-java.itheima.net/zhyl/resources/scripts/messagecenter.js:296
[  107524ms] [LOG] dispatched to https://rp-java.itheima.net/zhyl/%E5%85%A5%E4%BD%8F%E5%8A%9E%E7%90%86%E8%AF%A6%E6%83%85%E9%A1%B5-3-%E5%85%A5%E4%BD%8F%E5%AE%A1%E6%89%B9-%E5%8F%91%E8%B5%B7%E4%BA%BA.html @ https://rp-java.itheima.net/zhyl/resources/scripts/messagecenter.js:296
[  107524ms] [LOG] dispatched to https://rp-java.itheima.net/zhyl/%E5%85%A5%E4%BD%8F%E5%8A%9E%E7%90%86%E8%AF%A6%E6%83%85%E9%A1%B5-3-%E5%85%A5%E4%BD%8F%E5%AE%A1%E6%89%B9-%E5%8F%91%E8%B5%B7%E4%BA%BA.html @ https://rp-java.itheima.net/zhyl/resources/scripts/messagecenter.js:296
[  128081ms] [LOG] adding from https://rp-java.itheima.net/zhyl/%E5%85%A5%E4%BD%8F%E5%8A%9E%E7%90%86%E8%AF%A6%E6%83%85%E9%A1%B5-%E5%85%A5%E4%BD%8F%E5%AE%A1%E6%89%B9-%E5%AE%A1%E6%89%B9%E4%BA%BA.html @ https://rp-java.itheima.net/zhyl/resources/scripts/messagecenter.js:240
[  128082ms] [LOG] dispatched to https://rp-java.itheima.net/zhyl/#id=wqs3ov&p=%E5%85%A5%E4%BD%8F%E5%8A%9E%E7%90%86%E8%AF%A6%E6%83%85%E9%A1%B5-3-%E5%85%A5%E4%BD%8F%E5%AE%A1%E6%89%B9-%E5%8F%91%E8%B5%B7%E4%BA%BA&g=1 @ https://rp-java.itheima.net/zhyl/resources/scripts/messagecenter.js:296
[  128084ms] [LOG] dispatched to https://rp-java.itheima.net/zhyl/#id=9rdd3b&p=%E5%85%A5%E4%BD%8F%E5%8A%9E%E7%90%86%E8%AF%A6%E6%83%85%E9%A1%B5-%E5%85%A5%E4%BD%8F%E5%AE%A1%E6%89%B9-%E5%AE%A1%E6%89%B9%E4%BA%BA&g=1 @ https://rp-java.itheima.net/zhyl/resources/scripts/messagecenter.js:296
[  128084ms] [LOG] dispatched to https://rp-java.itheima.net/zhyl/%E5%85%A5%E4%BD%8F%E5%8A%9E%E7%90%86%E8%AF%A6%E6%83%85%E9%A1%B5-%E5%85%A5%E4%BD%8F%E5%AE%A1%E6%89%B9-%E5%AE%A1%E6%89%B9%E4%BA%BA.html @ https://rp-java.itheima.net/zhyl/resources/scripts/messagecenter.js:296
[  128084ms] [LOG] dispatched to https://rp-java.itheima.net/zhyl/#id=9rdd3b&p=%E5%85%A5%E4%BD%8F%E5%8A%9E%E7%90%86%E8%AF%A6%E6%83%85%E9%A1%B5-%E5%85%A5%E4%BD%8F%E5%AE%A1%E6%89%B9-%E5%AE%A1%E6%89%B9%E4%BA%BA&g=1 @ https://rp-java.itheima.net/zhyl/resources/scripts/messagecenter.js:296
[  128085ms] [LOG] dispatched to https://rp-java.itheima.net/zhyl/%E5%85%A5%E4%BD%8F%E5%8A%9E%E7%90%86%E8%AF%A6%E6%83%85%E9%A1%B5-%E5%85%A5%E4%BD%8F%E5%AE%A1%E6%89%B9-%E5%AE%A1%E6%89%B9%E4%BA%BA.html @ https://rp-java.itheima.net/zhyl/resources/scripts/messagecenter.js:296
[  128085ms] [LOG] dispatched to https://rp-java.itheima.net/zhyl/#id=9rdd3b&p=%E5%85%A5%E4%BD%8F%E5%8A%9E%E7%90%86%E8%AF%A6%E6%83%85%E9%A1%B5-%E5%85%A5%E4%BD%8F%E5%AE%A1%E6%89%B9-%E5%AE%A1%E6%89%B9%E4%BA%BA&g=1 @ https://rp-java.itheima.net/zhyl/resources/scripts/messagecenter.js:296
[  128085ms] [LOG] dispatched to https://rp-java.itheima.net/zhyl/%E5%85%A5%E4%BD%8F%E5%8A%9E%E7%90%86%E8%AF%A6%E6%83%85%E9%A1%B5-%E5%85%A5%E4%BD%8F%E5%AE%A1%E6%89%B9-%E5%AE%A1%E6%89%B9%E4%BA%BA.html @ https://rp-java.itheima.net/zhyl/resources/scripts/messagecenter.js:296
[  128087ms] [LOG] dispatched to https://rp-java.itheima.net/zhyl/#id=9rdd3b&p=%E5%85%A5%E4%BD%8F%E5%8A%9E%E7%90%86%E8%AF%A6%E6%83%85%E9%A1%B5-%E5%85%A5%E4%BD%8F%E5%AE%A1%E6%89%B9-%E5%AE%A1%E6%89%B9%E4%BA%BA&g=1 @ https://rp-java.itheima.net/zhyl/resources/scripts/messagecenter.js:296
[  128087ms] [LOG] dispatched to https://rp-java.itheima.net/zhyl/%E5%85%A5%E4%BD%8F%E5%8A%9E%E7%90%86%E8%AF%A6%E6%83%85%E9%A1%B5-%E5%85%A5%E4%BD%8F%E5%AE%A1%E6%89%B9-%E5%AE%A1%E6%89%B9%E4%BA%BA.html @ https://rp-java.itheima.net/zhyl/resources/scripts/messagecenter.js:296
[  128087ms] [LOG] dispatched to https://rp-java.itheima.net/zhyl/#id=9rdd3b&p=%E5%85%A5%E4%BD%8F%E5%8A%9E%E7%90%86%E8%AF%A6%E6%83%85%E9%A1%B5-%E5%85%A5%E4%BD%8F%E5%AE%A1%E6%89%B9-%E5%AE%A1%E6%89%B9%E4%BA%BA&g=1 @ https://rp-java.itheima.net/zhyl/resources/scripts/messagecenter.js:296
[  128088ms] [LOG] dispatched to https://rp-java.itheima.net/zhyl/%E5%85%A5%E4%BD%8F%E5%8A%9E%E7%90%86%E8%AF%A6%E6%83%85%E9%A1%B5-%E5%85%A5%E4%BD%8F%E5%AE%A1%E6%89%B9-%E5%AE%A1%E6%89%B9%E4%BA%BA.html @ https://rp-java.itheima.net/zhyl/resources/scripts/messagecenter.js:296
[  128088ms] [LOG] dispatched to https://rp-java.itheima.net/zhyl/#id=9rdd3b&p=%E5%85%A5%E4%BD%8F%E5%8A%9E%E7%90%86%E8%AF%A6%E6%83%85%E9%A1%B5-%E5%85%A5%E4%BD%8F%E5%AE%A1%E6%89%B9-%E5%AE%A1%E6%89%B9%E4%BA%BA&g=1 @ https://rp-java.itheima.net/zhyl/resources/scripts/messagecenter.js:296
[  128088ms] [LOG] dispatched to https://rp-java.itheima.net/zhyl/%E5%85%A5%E4%BD%8F%E5%8A%9E%E7%90%86%E8%AF%A6%E6%83%85%E9%A1%B5-%E5%85%A5%E4%BD%8F%E5%AE%A1%E6%89%B9-%E5%AE%A1%E6%89%B9%E4%BA%BA.html @ https://rp-java.itheima.net/zhyl/resources/scripts/messagecenter.js:296
[  128088ms] [LOG] dispatched to https://rp-java.itheima.net/zhyl/#id=9rdd3b&p=%E5%85%A5%E4%BD%8F%E5%8A%9E%E7%90%86%E8%AF%A6%E6%83%85%E9%A1%B5-%E5%85%A5%E4%BD%8F%E5%AE%A1%E6%89%B9-%E5%AE%A1%E6%89%B9%E4%BA%BA&g=1 @ https://rp-java.itheima.net/zhyl/resources/scripts/messagecenter.js:296
[  128088ms] [LOG] dispatched to https://rp-java.itheima.net/zhyl/%E5%85%A5%E4%BD%8F%E5%8A%9E%E7%90%86%E8%AF%A6%E6%83%85%E9%A1%B5-%E5%85%A5%E4%BD%8F%E5%AE%A1%E6%89%B9-%E5%AE%A1%E6%89%B9%E4%BA%BA.html @ https://rp-java.itheima.net/zhyl/resources/scripts/messagecenter.js:296
[  128096ms] [LOG] dispatched to https://rp-java.itheima.net/zhyl/#id=9rdd3b&p=%E5%85%A5%E4%BD%8F%E5%8A%9E%E7%90%86%E8%AF%A6%E6%83%85%E9%A1%B5-%E5%85%A5%E4%BD%8F%E5%AE%A1%E6%89%B9-%E5%AE%A1%E6%89%B9%E4%BA%BA&g=1 @ https://rp-java.itheima.net/zhyl/resources/scripts/messagecenter.js:296
[  128097ms] [LOG] dispatched to https://rp-java.itheima.net/zhyl/#id=9rdd3b&p=%E5%85%A5%E4%BD%8F%E5%8A%9E%E7%90%86%E8%AF%A6%E6%83%85%E9%A1%B5-%E5%85%A5%E4%BD%8F%E5%AE%A1%E6%89%B9-%E5%AE%A1%E6%89%B9%E4%BA%BA&g=1 @ https://rp-java.itheima.net/zhyl/resources/scripts/messagecenter.js:296
[  128097ms] [LOG] dispatched to https://rp-java.itheima.net/zhyl/%E5%85%A5%E4%BD%8F%E5%8A%9E%E7%90%86%E8%AF%A6%E6%83%85%E9%A1%B5-%E5%85%A5%E4%BD%8F%E5%AE%A1%E6%89%B9-%E5%AE%A1%E6%89%B9%E4%BA%BA.html @ https://rp-java.itheima.net/zhyl/resources/scripts/messagecenter.js:296
[  128097ms] [LOG] dispatched to https://rp-java.itheima.net/zhyl/#id=9rdd3b&p=%E5%85%A5%E4%BD%8F%E5%8A%9E%E7%90%86%E8%AF%A6%E6%83%85%E9%A1%B5-%E5%85%A5%E4%BD%8F%E5%AE%A1%E6%89%B9-%E5%AE%A1%E6%89%B9%E4%BA%BA&g=1 @ https://rp-java.itheima.net/zhyl/resources/scripts/messagecenter.js:296
[  128097ms] [LOG] dispatched to https://rp-java.itheima.net/zhyl/%E5%85%A5%E4%BD%8F%E5%8A%9E%E7%90%86%E8%AF%A6%E6%83%85%E9%A1%B5-%E5%85%A5%E4%BD%8F%E5%AE%A1%E6%89%B9-%E5%AE%A1%E6%89%B9%E4%BA%BA.html @ https://rp-java.itheima.net/zhyl/resources/scripts/messagecenter.js:296
[  128098ms] [LOG] dispatched to https://rp-java.itheima.net/zhyl/#id=9rdd3b&p=%E5%85%A5%E4%BD%8F%E5%8A%9E%E7%90%86%E8%AF%A6%E6%83%85%E9%A1%B5-%E5%85%A5%E4%BD%8F%E5%AE%A1%E6%89%B9-%E5%AE%A1%E6%89%B9%E4%BA%BA&g=1 @ https://rp-java.itheima.net/zhyl/resources/scripts/messagecenter.js:296
[  128098ms] [LOG] dispatched to https://rp-java.itheima.net/zhyl/%E5%85%A5%E4%BD%8F%E5%8A%9E%E7%90%86%E8%AF%A6%E6%83%85%E9%A1%B5-%E5%85%A5%E4%BD%8F%E5%AE%A1%E6%89%B9-%E5%AE%A1%E6%89%B9%E4%BA%BA.html @ https://rp-java.itheima.net/zhyl/resources/scripts/messagecenter.js:296
[  128098ms] [LOG] dispatched to https://rp-java.itheima.net/zhyl/#id=9rdd3b&p=%E5%85%A5%E4%BD%8F%E5%8A%9E%E7%90%86%E8%AF%A6%E6%83%85%E9%A1%B5-%E5%85%A5%E4%BD%8F%E5%AE%A1%E6%89%B9-%E5%AE%A1%E6%89%B9%E4%BA%BA&g=1 @ https://rp-java.itheima.net/zhyl/resources/scripts/messagecenter.js:296
[  128098ms] [LOG] dispatched to https://rp-java.itheima.net/zhyl/%E5%85%A5%E4%BD%8F%E5%8A%9E%E7%90%86%E8%AF%A6%E6%83%85%E9%A1%B5-%E5%85%A5%E4%BD%8F%E5%AE%A1%E6%89%B9-%E5%AE%A1%E6%89%B9%E4%BA%BA.html @ https://rp-java.itheima.net/zhyl/resources/scripts/messagecenter.js:296
[  128098ms] [LOG] dispatched to https://rp-java.itheima.net/zhyl/%E5%85%A5%E4%BD%8F%E5%8A%9E%E7%90%86%E8%AF%A6%E6%83%85%E9%A1%B5-%E5%85%A5%E4%BD%8F%E5%AE%A1%E6%89%B9-%E5%AE%A1%E6%89%B9%E4%BA%BA.html @ https://rp-java.itheima.net/zhyl/resources/scripts/messagecenter.js:296
[  128098ms] [LOG] loadTime: 0 @ https://rp-java.itheima.net/zhyl/resources/scripts/axure/init.temp.js:277
[  128120ms] [LOG] dispatched to https://rp-java.itheima.net/zhyl/#id=9rdd3b&p=%E5%85%A5%E4%BD%8F%E5%8A%9E%E7%90%86%E8%AF%A6%E6%83%85%E9%A1%B5-%E5%85%A5%E4%BD%8F%E5%AE%A1%E6%89%B9-%E5%AE%A1%E6%89%B9%E4%BA%BA&g=1 @ https://rp-java.itheima.net/zhyl/resources/scripts/messagecenter.js:296
[  128120ms] [LOG] dispatched to https://rp-java.itheima.net/zhyl/%E5%85%A5%E4%BD%8F%E5%8A%9E%E7%90%86%E8%AF%A6%E6%83%85%E9%A1%B5-%E5%85%A5%E4%BD%8F%E5%AE%A1%E6%89%B9-%E5%AE%A1%E6%89%B9%E4%BA%BA.html @ https://rp-java.itheima.net/zhyl/resources/scripts/messagecenter.js:296
[  128120ms] [LOG] dispatched to https://rp-java.itheima.net/zhyl/#id=9rdd3b&p=%E5%85%A5%E4%BD%8F%E5%8A%9E%E7%90%86%E8%AF%A6%E6%83%85%E9%A1%B5-%E5%85%A5%E4%BD%8F%E5%AE%A1%E6%89%B9-%E5%AE%A1%E6%89%B9%E4%BA%BA&g=1 @ https://rp-java.itheima.net/zhyl/resources/scripts/messagecenter.js:296
[  128120ms] [LOG] dispatched to https://rp-java.itheima.net/zhyl/%E5%85%A5%E4%BD%8F%E5%8A%9E%E7%90%86%E8%AF%A6%E6%83%85%E9%A1%B5-%E5%85%A5%E4%BD%8F%E5%AE%A1%E6%89%B9-%E5%AE%A1%E6%89%B9%E4%BA%BA.html @ https://rp-java.itheima.net/zhyl/resources/scripts/messagecenter.js:296
[  128120ms] [LOG] dispatched to https://rp-java.itheima.net/zhyl/#id=9rdd3b&p=%E5%85%A5%E4%BD%8F%E5%8A%9E%E7%90%86%E8%AF%A6%E6%83%85%E9%A1%B5-%E5%85%A5%E4%BD%8F%E5%AE%A1%E6%89%B9-%E5%AE%A1%E6%89%B9%E4%BA%BA&g=1 @ https://rp-java.itheima.net/zhyl/resources/scripts/messagecenter.js:296
[  128120ms] [LOG] dispatched to https://rp-java.itheima.net/zhyl/%E5%85%A5%E4%BD%8F%E5%8A%9E%E7%90%86%E8%AF%A6%E6%83%85%E9%A1%B5-%E5%85%A5%E4%BD%8F%E5%AE%A1%E6%89%B9-%E5%AE%A1%E6%89%B9%E4%BA%BA.html @ https://rp-java.itheima.net/zhyl/resources/scripts/messagecenter.js:296
[  128120ms] [LOG] dispatched to https://rp-java.itheima.net/zhyl/%E5%85%A5%E4%BD%8F%E5%8A%9E%E7%90%86%E8%AF%A6%E6%83%85%E9%A1%B5-%E5%85%A5%E4%BD%8F%E5%AE%A1%E6%89%B9-%E5%AE%A1%E6%89%B9%E4%BA%BA.html @ https://rp-java.itheima.net/zhyl/resources/scripts/messagecenter.js:296
[  151452ms] [LOG] adding from https://rp-java.itheima.net/zhyl/%E5%85%A5%E4%BD%8F%E5%8A%9E%E7%90%86%E8%AF%A6%E6%83%85%E9%A1%B5-4-%E5%85%A5%E4%BD%8F%E9%85%8D%E7%BD%AE.html @ https://rp-java.itheima.net/zhyl/resources/scripts/messagecenter.js:240
[  151453ms] [LOG] dispatched to https://rp-java.itheima.net/zhyl/#id=9rdd3b&p=%E5%85%A5%E4%BD%8F%E5%8A%9E%E7%90%86%E8%AF%A6%E6%83%85%E9%A1%B5-%E5%85%A5%E4%BD%8F%E5%AE%A1%E6%89%B9-%E5%AE%A1%E6%89%B9%E4%BA%BA&g=1 @ https://rp-java.itheima.net/zhyl/resources/scripts/messagecenter.js:296
[  151455ms] [LOG] dispatched to https://rp-java.itheima.net/zhyl/#id=gp51n4&p=%E5%85%A5%E4%BD%8F%E5%8A%9E%E7%90%86%E8%AF%A6%E6%83%85%E9%A1%B5-4-%E5%85%A5%E4%BD%8F%E9%85%8D%E7%BD%AE&g=1 @ https://rp-java.itheima.net/zhyl/resources/scripts/messagecenter.js:296
[  151455ms] [LOG] dispatched to https://rp-java.itheima.net/zhyl/%E5%85%A5%E4%BD%8F%E5%8A%9E%E7%90%86%E8%AF%A6%E6%83%85%E9%A1%B5-4-%E5%85%A5%E4%BD%8F%E9%85%8D%E7%BD%AE.html @ https://rp-java.itheima.net/zhyl/resources/scripts/messagecenter.js:296
[  151456ms] [LOG] dispatched to https://rp-java.itheima.net/zhyl/#id=gp51n4&p=%E5%85%A5%E4%BD%8F%E5%8A%9E%E7%90%86%E8%AF%A6%E6%83%85%E9%A1%B5-4-%E5%85%A5%E4%BD%8F%E9%85%8D%E7%BD%AE&g=1 @ https://rp-java.itheima.net/zhyl/resources/scripts/messagecenter.js:296
[  151456ms] [LOG] dispatched to https://rp-java.itheima.net/zhyl/%E5%85%A5%E4%BD%8F%E5%8A%9E%E7%90%86%E8%AF%A6%E6%83%85%E9%A1%B5-4-%E5%85%A5%E4%BD%8F%E9%85%8D%E7%BD%AE.html @ https://rp-java.itheima.net/zhyl/resources/scripts/messagecenter.js:296
[  151456ms] [LOG] dispatched to https://rp-java.itheima.net/zhyl/#id=gp51n4&p=%E5%85%A5%E4%BD%8F%E5%8A%9E%E7%90%86%E8%AF%A6%E6%83%85%E9%A1%B5-4-%E5%85%A5%E4%BD%8F%E9%85%8D%E7%BD%AE&g=1 @ https://rp-java.itheima.net/zhyl/resources/scripts/messagecenter.js:296
[  151456ms] [LOG] dispatched to https://rp-java.itheima.net/zhyl/%E5%85%A5%E4%BD%8F%E5%8A%9E%E7%90%86%E8%AF%A6%E6%83%85%E9%A1%B5-4-%E5%85%A5%E4%BD%8F%E9%85%8D%E7%BD%AE.html @ https://rp-java.itheima.net/zhyl/resources/scripts/messagecenter.js:296
[  151458ms] [LOG] dispatched to https://rp-java.itheima.net/zhyl/#id=gp51n4&p=%E5%85%A5%E4%BD%8F%E5%8A%9E%E7%90%86%E8%AF%A6%E6%83%85%E9%A1%B5-4-%E5%85%A5%E4%BD%8F%E9%85%8D%E7%BD%AE&g=1 @ https://rp-java.itheima.net/zhyl/resources/scripts/messagecenter.js:296
[  151458ms] [LOG] dispatched to https://rp-java.itheima.net/zhyl/%E5%85%A5%E4%BD%8F%E5%8A%9E%E7%90%86%E8%AF%A6%E6%83%85%E9%A1%B5-4-%E5%85%A5%E4%BD%8F%E9%85%8D%E7%BD%AE.html @ https://rp-java.itheima.net/zhyl/resources/scripts/messagecenter.js:296
[  151458ms] [LOG] dispatched to https://rp-java.itheima.net/zhyl/#id=gp51n4&p=%E5%85%A5%E4%BD%8F%E5%8A%9E%E7%90%86%E8%AF%A6%E6%83%85%E9%A1%B5-4-%E5%85%A5%E4%BD%8F%E9%85%8D%E7%BD%AE&g=1 @ https://rp-java.itheima.net/zhyl/resources/scripts/messagecenter.js:296
[  151458ms] [LOG] dispatched to https://rp-java.itheima.net/zhyl/%E5%85%A5%E4%BD%8F%E5%8A%9E%E7%90%86%E8%AF%A6%E6%83%85%E9%A1%B5-4-%E5%85%A5%E4%BD%8F%E9%85%8D%E7%BD%AE.html @ https://rp-java.itheima.net/zhyl/resources/scripts/messagecenter.js:296
[  151458ms] [LOG] dispatched to https://rp-java.itheima.net/zhyl/#id=gp51n4&p=%E5%85%A5%E4%BD%8F%E5%8A%9E%E7%90%86%E8%AF%A6%E6%83%85%E9%A1%B5-4-%E5%85%A5%E4%BD%8F%E9%85%8D%E7%BD%AE&g=1 @ https://rp-java.itheima.net/zhyl/resources/scripts/messagecenter.js:296
[  151458ms] [LOG] dispatched to https://rp-java.itheima.net/zhyl/%E5%85%A5%E4%BD%8F%E5%8A%9E%E7%90%86%E8%AF%A6%E6%83%85%E9%A1%B5-4-%E5%85%A5%E4%BD%8F%E9%85%8D%E7%BD%AE.html @ https://rp-java.itheima.net/zhyl/resources/scripts/messagecenter.js:296
[  151458ms] [LOG] dispatched to https://rp-java.itheima.net/zhyl/#id=gp51n4&p=%E5%85%A5%E4%BD%8F%E5%8A%9E%E7%90%86%E8%AF%A6%E6%83%85%E9%A1%B5-4-%E5%85%A5%E4%BD%8F%E9%85%8D%E7%BD%AE&g=1 @ https://rp-java.itheima.net/zhyl/resources/scripts/messagecenter.js:296
[  151458ms] [LOG] dispatched to https://rp-java.itheima.net/zhyl/%E5%85%A5%E4%BD%8F%E5%8A%9E%E7%90%86%E8%AF%A6%E6%83%85%E9%A1%B5-4-%E5%85%A5%E4%BD%8F%E9%85%8D%E7%BD%AE.html @ https://rp-java.itheima.net/zhyl/resources/scripts/messagecenter.js:296
[  151469ms] [LOG] dispatched to https://rp-java.itheima.net/zhyl/#id=gp51n4&p=%E5%85%A5%E4%BD%8F%E5%8A%9E%E7%90%86%E8%AF%A6%E6%83%85%E9%A1%B5-4-%E5%85%A5%E4%BD%8F%E9%85%8D%E7%BD%AE&g=1 @ https://rp-java.itheima.net/zhyl/resources/scripts/messagecenter.js:296
[  151470ms] [LOG] dispatched to https://rp-java.itheima.net/zhyl/#id=gp51n4&p=%E5%85%A5%E4%BD%8F%E5%8A%9E%E7%90%86%E8%AF%A6%E6%83%85%E9%A1%B5-4-%E5%85%A5%E4%BD%8F%E9%85%8D%E7%BD%AE&g=1 @ https://rp-java.itheima.net/zhyl/resources/scripts/messagecenter.js:296
[  151470ms] [LOG] dispatched to https://rp-java.itheima.net/zhyl/%E5%85%A5%E4%BD%8F%E5%8A%9E%E7%90%86%E8%AF%A6%E6%83%85%E9%A1%B5-4-%E5%85%A5%E4%BD%8F%E9%85%8D%E7%BD%AE.html @ https://rp-java.itheima.net/zhyl/resources/scripts/messagecenter.js:296
[  151471ms] [LOG] dispatched to https://rp-java.itheima.net/zhyl/#id=gp51n4&p=%E5%85%A5%E4%BD%8F%E5%8A%9E%E7%90%86%E8%AF%A6%E6%83%85%E9%A1%B5-4-%E5%85%A5%E4%BD%8F%E9%85%8D%E7%BD%AE&g=1 @ https://rp-java.itheima.net/zhyl/resources/scripts/messagecenter.js:296
[  151471ms] [LOG] dispatched to https://rp-java.itheima.net/zhyl/%E5%85%A5%E4%BD%8F%E5%8A%9E%E7%90%86%E8%AF%A6%E6%83%85%E9%A1%B5-4-%E5%85%A5%E4%BD%8F%E9%85%8D%E7%BD%AE.html @ https://rp-java.itheima.net/zhyl/resources/scripts/messagecenter.js:296
[  151471ms] [LOG] dispatched to https://rp-java.itheima.net/zhyl/#id=gp51n4&p=%E5%85%A5%E4%BD%8F%E5%8A%9E%E7%90%86%E8%AF%A6%E6%83%85%E9%A1%B5-4-%E5%85%A5%E4%BD%8F%E9%85%8D%E7%BD%AE&g=1 @ https://rp-java.itheima.net/zhyl/resources/scripts/messagecenter.js:296
[  151471ms] [LOG] dispatched to https://rp-java.itheima.net/zhyl/%E5%85%A5%E4%BD%8F%E5%8A%9E%E7%90%86%E8%AF%A6%E6%83%85%E9%A1%B5-4-%E5%85%A5%E4%BD%8F%E9%85%8D%E7%BD%AE.html @ https://rp-java.itheima.net/zhyl/resources/scripts/messagecenter.js:296
[  151472ms] [LOG] dispatched to https://rp-java.itheima.net/zhyl/#id=gp51n4&p=%E5%85%A5%E4%BD%8F%E5%8A%9E%E7%90%86%E8%AF%A6%E6%83%85%E9%A1%B5-4-%E5%85%A5%E4%BD%8F%E9%85%8D%E7%BD%AE&g=1 @ https://rp-java.itheima.net/zhyl/resources/scripts/messagecenter.js:296
[  151472ms] [LOG] dispatched to https://rp-java.itheima.net/zhyl/%E5%85%A5%E4%BD%8F%E5%8A%9E%E7%90%86%E8%AF%A6%E6%83%85%E9%A1%B5-4-%E5%85%A5%E4%BD%8F%E9%85%8D%E7%BD%AE.html @ https://rp-java.itheima.net/zhyl/resources/scripts/messagecenter.js:296
[  151472ms] [LOG] dispatched to https://rp-java.itheima.net/zhyl/%E5%85%A5%E4%BD%8F%E5%8A%9E%E7%90%86%E8%AF%A6%E6%83%85%E9%A1%B5-4-%E5%85%A5%E4%BD%8F%E9%85%8D%E7%BD%AE.html @ https://rp-java.itheima.net/zhyl/resources/scripts/messagecenter.js:296
[  151472ms] [LOG] loadTime: 0 @ https://rp-java.itheima.net/zhyl/resources/scripts/axure/init.temp.js:277
[  151486ms] [LOG] dispatched to https://rp-java.itheima.net/zhyl/#id=gp51n4&p=%E5%85%A5%E4%BD%8F%E5%8A%9E%E7%90%86%E8%AF%A6%E6%83%85%E9%A1%B5-4-%E5%85%A5%E4%BD%8F%E9%85%8D%E7%BD%AE&g=1 @ https://rp-java.itheima.net/zhyl/resources/scripts/messagecenter.js:296
[  151486ms] [LOG] dispatched to https://rp-java.itheima.net/zhyl/%E5%85%A5%E4%BD%8F%E5%8A%9E%E7%90%86%E8%AF%A6%E6%83%85%E9%A1%B5-4-%E5%85%A5%E4%BD%8F%E9%85%8D%E7%BD%AE.html @ https://rp-java.itheima.net/zhyl/resources/scripts/messagecenter.js:296
[  151486ms] [LOG] dispatched to https://rp-java.itheima.net/zhyl/#id=gp51n4&p=%E5%85%A5%E4%BD%8F%E5%8A%9E%E7%90%86%E8%AF%A6%E6%83%85%E9%A1%B5-4-%E5%85%A5%E4%BD%8F%E9%85%8D%E7%BD%AE&g=1 @ https://rp-java.itheima.net/zhyl/resources/scripts/messagecenter.js:296
[  151486ms] [LOG] dispatched to https://rp-java.itheima.net/zhyl/%E5%85%A5%E4%BD%8F%E5%8A%9E%E7%90%86%E8%AF%A6%E6%83%85%E9%A1%B5-4-%E5%85%A5%E4%BD%8F%E9%85%8D%E7%BD%AE.html @ https://rp-java.itheima.net/zhyl/resources/scripts/messagecenter.js:296
[  151487ms] [LOG] dispatched to https://rp-java.itheima.net/zhyl/#id=gp51n4&p=%E5%85%A5%E4%BD%8F%E5%8A%9E%E7%90%86%E8%AF%A6%E6%83%85%E9%A1%B5-4-%E5%85%A5%E4%BD%8F%E9%85%8D%E7%BD%AE&g=1 @ https://rp-java.itheima.net/zhyl/resources/scripts/messagecenter.js:296
[  151487ms] [LOG] dispatched to https://rp-java.itheima.net/zhyl/%E5%85%A5%E4%BD%8F%E5%8A%9E%E7%90%86%E8%AF%A6%E6%83%85%E9%A1%B5-4-%E5%85%A5%E4%BD%8F%E9%85%8D%E7%BD%AE.html @ https://rp-java.itheima.net/zhyl/resources/scripts/messagecenter.js:296
[  151487ms] [LOG] dispatched to https://rp-java.itheima.net/zhyl/%E5%85%A5%E4%BD%8F%E5%8A%9E%E7%90%86%E8%AF%A6%E6%83%85%E9%A1%B5-4-%E5%85%A5%E4%BD%8F%E9%85%8D%E7%BD%AE.html @ https://rp-java.itheima.net/zhyl/resources/scripts/messagecenter.js:296
[  176620ms] [LOG] adding from https://rp-java.itheima.net/zhyl/%E5%85%A5%E4%BD%8F%E5%8A%9E%E7%90%86%E8%AF%A6%E6%83%85%E9%A1%B5-5-%E7%AD%BE%E7%BA%A6%E5%8A%9E%E7%90%86.html @ https://rp-java.itheima.net/zhyl/resources/scripts/messagecenter.js:240
[  176621ms] [LOG] dispatched to https://rp-java.itheima.net/zhyl/#id=gp51n4&p=%E5%85%A5%E4%BD%8F%E5%8A%9E%E7%90%86%E8%AF%A6%E6%83%85%E9%A1%B5-4-%E5%85%A5%E4%BD%8F%E9%85%8D%E7%BD%AE&g=1 @ https://rp-java.itheima.net/zhyl/resources/scripts/messagecenter.js:296
[  176622ms] [LOG] dispatched to https://rp-java.itheima.net/zhyl/#id=87zdzb&p=%E5%85%A5%E4%BD%8F%E5%8A%9E%E7%90%86%E8%AF%A6%E6%83%85%E9%A1%B5-5-%E7%AD%BE%E7%BA%A6%E5%8A%9E%E7%90%86&g=1 @ https://rp-java.itheima.net/zhyl/resources/scripts/messagecenter.js:296
[  176623ms] [LOG] dispatched to https://rp-java.itheima.net/zhyl/%E5%85%A5%E4%BD%8F%E5%8A%9E%E7%90%86%E8%AF%A6%E6%83%85%E9%A1%B5-5-%E7%AD%BE%E7%BA%A6%E5%8A%9E%E7%90%86.html @ https://rp-java.itheima.net/zhyl/resources/scripts/messagecenter.js:296
[  176623ms] [LOG] dispatched to https://rp-java.itheima.net/zhyl/#id=87zdzb&p=%E5%85%A5%E4%BD%8F%E5%8A%9E%E7%90%86%E8%AF%A6%E6%83%85%E9%A1%B5-5-%E7%AD%BE%E7%BA%A6%E5%8A%9E%E7%90%86&g=1 @ https://rp-java.itheima.net/zhyl/resources/scripts/messagecenter.js:296
[  176623ms] [LOG] dispatched to https://rp-java.itheima.net/zhyl/%E5%85%A5%E4%BD%8F%E5%8A%9E%E7%90%86%E8%AF%A6%E6%83%85%E9%A1%B5-5-%E7%AD%BE%E7%BA%A6%E5%8A%9E%E7%90%86.html @ https://rp-java.itheima.net/zhyl/resources/scripts/messagecenter.js:296
[  176624ms] [LOG] dispatched to https://rp-java.itheima.net/zhyl/#id=87zdzb&p=%E5%85%A5%E4%BD%8F%E5%8A%9E%E7%90%86%E8%AF%A6%E6%83%85%E9%A1%B5-5-%E7%AD%BE%E7%BA%A6%E5%8A%9E%E7%90%86&g=1 @ https://rp-java.itheima.net/zhyl/resources/scripts/messagecenter.js:296
[  176624ms] [LOG] dispatched to https://rp-java.itheima.net/zhyl/%E5%85%A5%E4%BD%8F%E5%8A%9E%E7%90%86%E8%AF%A6%E6%83%85%E9%A1%B5-5-%E7%AD%BE%E7%BA%A6%E5%8A%9E%E7%90%86.html @ https://rp-java.itheima.net/zhyl/resources/scripts/messagecenter.js:296
[  176625ms] [LOG] dispatched to https://rp-java.itheima.net/zhyl/#id=87zdzb&p=%E5%85%A5%E4%BD%8F%E5%8A%9E%E7%90%86%E8%AF%A6%E6%83%85%E9%A1%B5-5-%E7%AD%BE%E7%BA%A6%E5%8A%9E%E7%90%86&g=1 @ https://rp-java.itheima.net/zhyl/resources/scripts/messagecenter.js:296
[  176625ms] [LOG] dispatched to https://rp-java.itheima.net/zhyl/%E5%85%A5%E4%BD%8F%E5%8A%9E%E7%90%86%E8%AF%A6%E6%83%85%E9%A1%B5-5-%E7%AD%BE%E7%BA%A6%E5%8A%9E%E7%90%86.html @ https://rp-java.itheima.net/zhyl/resources/scripts/messagecenter.js:296
[  176625ms] [LOG] dispatched to https://rp-java.itheima.net/zhyl/#id=87zdzb&p=%E5%85%A5%E4%BD%8F%E5%8A%9E%E7%90%86%E8%AF%A6%E6%83%85%E9%A1%B5-5-%E7%AD%BE%E7%BA%A6%E5%8A%9E%E7%90%86&g=1 @ https://rp-java.itheima.net/zhyl/resources/scripts/messagecenter.js:296
[  176625ms] [LOG] dispatched to https://rp-java.itheima.net/zhyl/%E5%85%A5%E4%BD%8F%E5%8A%9E%E7%90%86%E8%AF%A6%E6%83%85%E9%A1%B5-5-%E7%AD%BE%E7%BA%A6%E5%8A%9E%E7%90%86.html @ https://rp-java.itheima.net/zhyl/resources/scripts/messagecenter.js:296
[  176626ms] [LOG] dispatched to https://rp-java.itheima.net/zhyl/#id=87zdzb&p=%E5%85%A5%E4%BD%8F%E5%8A%9E%E7%90%86%E8%AF%A6%E6%83%85%E9%A1%B5-5-%E7%AD%BE%E7%BA%A6%E5%8A%9E%E7%90%86&g=1 @ https://rp-java.itheima.net/zhyl/resources/scripts/messagecenter.js:296
[  176626ms] [LOG] dispatched to https://rp-java.itheima.net/zhyl/%E5%85%A5%E4%BD%8F%E5%8A%9E%E7%90%86%E8%AF%A6%E6%83%85%E9%A1%B5-5-%E7%AD%BE%E7%BA%A6%E5%8A%9E%E7%90%86.html @ https://rp-java.itheima.net/zhyl/resources/scripts/messagecenter.js:296
[  176626ms] [LOG] dispatched to https://rp-java.itheima.net/zhyl/#id=87zdzb&p=%E5%85%A5%E4%BD%8F%E5%8A%9E%E7%90%86%E8%AF%A6%E6%83%85%E9%A1%B5-5-%E7%AD%BE%E7%BA%A6%E5%8A%9E%E7%90%86&g=1 @ https://rp-java.itheima.net/zhyl/resources/scripts/messagecenter.js:296
[  176626ms] [LOG] dispatched to https://rp-java.itheima.net/zhyl/%E5%85%A5%E4%BD%8F%E5%8A%9E%E7%90%86%E8%AF%A6%E6%83%85%E9%A1%B5-5-%E7%AD%BE%E7%BA%A6%E5%8A%9E%E7%90%86.html @ https://rp-java.itheima.net/zhyl/resources/scripts/messagecenter.js:296
[  176633ms] [LOG] dispatched to https://rp-java.itheima.net/zhyl/#id=87zdzb&p=%E5%85%A5%E4%BD%8F%E5%8A%9E%E7%90%86%E8%AF%A6%E6%83%85%E9%A1%B5-5-%E7%AD%BE%E7%BA%A6%E5%8A%9E%E7%90%86&g=1 @ https://rp-java.itheima.net/zhyl/resources/scripts/messagecenter.js:296
[  176634ms] [LOG] dispatched to https://rp-java.itheima.net/zhyl/#id=87zdzb&p=%E5%85%A5%E4%BD%8F%E5%8A%9E%E7%90%86%E8%AF%A6%E6%83%85%E9%A1%B5-5-%E7%AD%BE%E7%BA%A6%E5%8A%9E%E7%90%86&g=1 @ https://rp-java.itheima.net/zhyl/resources/scripts/messagecenter.js:296
[  176634ms] [LOG] dispatched to https://rp-java.itheima.net/zhyl/%E5%85%A5%E4%BD%8F%E5%8A%9E%E7%90%86%E8%AF%A6%E6%83%85%E9%A1%B5-5-%E7%AD%BE%E7%BA%A6%E5%8A%9E%E7%90%86.html @ https://rp-java.itheima.net/zhyl/resources/scripts/messagecenter.js:296
[  176635ms] [LOG] dispatched to https://rp-java.itheima.net/zhyl/#id=87zdzb&p=%E5%85%A5%E4%BD%8F%E5%8A%9E%E7%90%86%E8%AF%A6%E6%83%85%E9%A1%B5-5-%E7%AD%BE%E7%BA%A6%E5%8A%9E%E7%90%86&g=1 @ https://rp-java.itheima.net/zhyl/resources/scripts/messagecenter.js:296
[  176635ms] [LOG] dispatched to https://rp-java.itheima.net/zhyl/%E5%85%A5%E4%BD%8F%E5%8A%9E%E7%90%86%E8%AF%A6%E6%83%85%E9%A1%B5-5-%E7%AD%BE%E7%BA%A6%E5%8A%9E%E7%90%86.html @ https://rp-java.itheima.net/zhyl/resources/scripts/messagecenter.js:296
[  176635ms] [LOG] dispatched to https://rp-java.itheima.net/zhyl/#id=87zdzb&p=%E5%85%A5%E4%BD%8F%E5%8A%9E%E7%90%86%E8%AF%A6%E6%83%85%E9%A1%B5-5-%E7%AD%BE%E7%BA%A6%E5%8A%9E%E7%90%86&g=1 @ https://rp-java.itheima.net/zhyl/resources/scripts/messagecenter.js:296
[  176635ms] [LOG] dispatched to https://rp-java.itheima.net/zhyl/%E5%85%A5%E4%BD%8F%E5%8A%9E%E7%90%86%E8%AF%A6%E6%83%85%E9%A1%B5-5-%E7%AD%BE%E7%BA%A6%E5%8A%9E%E7%90%86.html @ https://rp-java.itheima.net/zhyl/resources/scripts/messagecenter.js:296
[  176635ms] [LOG] dispatched to https://rp-java.itheima.net/zhyl/#id=87zdzb&p=%E5%85%A5%E4%BD%8F%E5%8A%9E%E7%90%86%E8%AF%A6%E6%83%85%E9%A1%B5-5-%E7%AD%BE%E7%BA%A6%E5%8A%9E%E7%90%86&g=1 @ https://rp-java.itheima.net/zhyl/resources/scripts/messagecenter.js:296
[  176635ms] [LOG] dispatched to https://rp-java.itheima.net/zhyl/%E5%85%A5%E4%BD%8F%E5%8A%9E%E7%90%86%E8%AF%A6%E6%83%85%E9%A1%B5-5-%E7%AD%BE%E7%BA%A6%E5%8A%9E%E7%90%86.html @ https://rp-java.itheima.net/zhyl/resources/scripts/messagecenter.js:296
[  176635ms] [LOG] dispatched to https://rp-java.itheima.net/zhyl/%E5%85%A5%E4%BD%8F%E5%8A%9E%E7%90%86%E8%AF%A6%E6%83%85%E9%A1%B5-5-%E7%AD%BE%E7%BA%A6%E5%8A%9E%E7%90%86.html @ https://rp-java.itheima.net/zhyl/resources/scripts/messagecenter.js:296
[  176636ms] [LOG] loadTime: 0 @ https://rp-java.itheima.net/zhyl/resources/scripts/axure/init.temp.js:277
[  176644ms] [LOG] dispatched to https://rp-java.itheima.net/zhyl/#id=87zdzb&p=%E5%85%A5%E4%BD%8F%E5%8A%9E%E7%90%86%E8%AF%A6%E6%83%85%E9%A1%B5-5-%E7%AD%BE%E7%BA%A6%E5%8A%9E%E7%90%86&g=1 @ https://rp-java.itheima.net/zhyl/resources/scripts/messagecenter.js:296
[  176644ms] [LOG] dispatched to https://rp-java.itheima.net/zhyl/%E5%85%A5%E4%BD%8F%E5%8A%9E%E7%90%86%E8%AF%A6%E6%83%85%E9%A1%B5-5-%E7%AD%BE%E7%BA%A6%E5%8A%9E%E7%90%86.html @ https://rp-java.itheima.net/zhyl/resources/scripts/messagecenter.js:296
[  176644ms] [LOG] dispatched to https://rp-java.itheima.net/zhyl/#id=87zdzb&p=%E5%85%A5%E4%BD%8F%E5%8A%9E%E7%90%86%E8%AF%A6%E6%83%85%E9%A1%B5-5-%E7%AD%BE%E7%BA%A6%E5%8A%9E%E7%90%86&g=1 @ https://rp-java.itheima.net/zhyl/resources/scripts/messagecenter.js:296
[  176644ms] [LOG] dispatched to https://rp-java.itheima.net/zhyl/%E5%85%A5%E4%BD%8F%E5%8A%9E%E7%90%86%E8%AF%A6%E6%83%85%E9%A1%B5-5-%E7%AD%BE%E7%BA%A6%E5%8A%9E%E7%90%86.html @ https://rp-java.itheima.net/zhyl/resources/scripts/messagecenter.js:296
[  176644ms] [LOG] dispatched to https://rp-java.itheima.net/zhyl/#id=87zdzb&p=%E5%85%A5%E4%BD%8F%E5%8A%9E%E7%90%86%E8%AF%A6%E6%83%85%E9%A1%B5-5-%E7%AD%BE%E7%BA%A6%E5%8A%9E%E7%90%86&g=1 @ https://rp-java.itheima.net/zhyl/resources/scripts/messagecenter.js:296
[  176644ms] [LOG] dispatched to https://rp-java.itheima.net/zhyl/%E5%85%A5%E4%BD%8F%E5%8A%9E%E7%90%86%E8%AF%A6%E6%83%85%E9%A1%B5-5-%E7%AD%BE%E7%BA%A6%E5%8A%9E%E7%90%86.html @ https://rp-java.itheima.net/zhyl/resources/scripts/messagecenter.js:296
[  176644ms] [LOG] dispatched to https://rp-java.itheima.net/zhyl/%E5%85%A5%E4%BD%8F%E5%8A%9E%E7%90%86%E8%AF%A6%E6%83%85%E9%A1%B5-5-%E7%AD%BE%E7%BA%A6%E5%8A%9E%E7%90%86.html @ https://rp-java.itheima.net/zhyl/resources/scripts/messagecenter.js:296
[  194770ms] [LOG] adding from https://rp-java.itheima.net/zhyl/%E9%80%80%E4%BD%8F%E7%94%B3%E8%AF%B7%E8%AF%A6%E6%83%85%E9%A1%B5-%E7%94%B3%E8%AF%B7%E5%AE%A1%E6%89%B9-%E5%8F%91%E8%B5%B7%E4%BA%BA.html @ https://rp-java.itheima.net/zhyl/resources/scripts/messagecenter.js:240
[  194771ms] [LOG] dispatched to https://rp-java.itheima.net/zhyl/#id=87zdzb&p=%E5%85%A5%E4%BD%8F%E5%8A%9E%E7%90%86%E8%AF%A6%E6%83%85%E9%A1%B5-5-%E7%AD%BE%E7%BA%A6%E5%8A%9E%E7%90%86&g=1 @ https://rp-java.itheima.net/zhyl/resources/scripts/messagecenter.js:296
[  194773ms] [LOG] dispatched to https://rp-java.itheima.net/zhyl/#id=hoc61o&p=%E9%80%80%E4%BD%8F%E7%94%B3%E8%AF%B7%E8%AF%A6%E6%83%85%E9%A1%B5-%E7%94%B3%E8%AF%B7%E5%AE%A1%E6%89%B9-%E5%8F%91%E8%B5%B7%E4%BA%BA&g=1 @ https://rp-java.itheima.net/zhyl/resources/scripts/messagecenter.js:296
[  194773ms] [LOG] dispatched to https://rp-java.itheima.net/zhyl/%E9%80%80%E4%BD%8F%E7%94%B3%E8%AF%B7%E8%AF%A6%E6%83%85%E9%A1%B5-%E7%94%B3%E8%AF%B7%E5%AE%A1%E6%89%B9-%E5%8F%91%E8%B5%B7%E4%BA%BA.html @ https://rp-java.itheima.net/zhyl/resources/scripts/messagecenter.js:296
[  194774ms] [LOG] dispatched to https://rp-java.itheima.net/zhyl/#id=hoc61o&p=%E9%80%80%E4%BD%8F%E7%94%B3%E8%AF%B7%E8%AF%A6%E6%83%85%E9%A1%B5-%E7%94%B3%E8%AF%B7%E5%AE%A1%E6%89%B9-%E5%8F%91%E8%B5%B7%E4%BA%BA&g=1 @ https://rp-java.itheima.net/zhyl/resources/scripts/messagecenter.js:296
[  194774ms] [LOG] dispatched to https://rp-java.itheima.net/zhyl/%E9%80%80%E4%BD%8F%E7%94%B3%E8%AF%B7%E8%AF%A6%E6%83%85%E9%A1%B5-%E7%94%B3%E8%AF%B7%E5%AE%A1%E6%89%B9-%E5%8F%91%E8%B5%B7%E4%BA%BA.html @ https://rp-java.itheima.net/zhyl/resources/scripts/messagecenter.js:296
[  194774ms] [LOG] dispatched to https://rp-java.itheima.net/zhyl/#id=hoc61o&p=%E9%80%80%E4%BD%8F%E7%94%B3%E8%AF%B7%E8%AF%A6%E6%83%85%E9%A1%B5-%E7%94%B3%E8%AF%B7%E5%AE%A1%E6%89%B9-%E5%8F%91%E8%B5%B7%E4%BA%BA&g=1 @ https://rp-java.itheima.net/zhyl/resources/scripts/messagecenter.js:296
[  194774ms] [LOG] dispatched to https://rp-java.itheima.net/zhyl/%E9%80%80%E4%BD%8F%E7%94%B3%E8%AF%B7%E8%AF%A6%E6%83%85%E9%A1%B5-%E7%94%B3%E8%AF%B7%E5%AE%A1%E6%89%B9-%E5%8F%91%E8%B5%B7%E4%BA%BA.html @ https://rp-java.itheima.net/zhyl/resources/scripts/messagecenter.js:296
[  194775ms] [LOG] dispatched to https://rp-java.itheima.net/zhyl/#id=hoc61o&p=%E9%80%80%E4%BD%8F%E7%94%B3%E8%AF%B7%E8%AF%A6%E6%83%85%E9%A1%B5-%E7%94%B3%E8%AF%B7%E5%AE%A1%E6%89%B9-%E5%8F%91%E8%B5%B7%E4%BA%BA&g=1 @ https://rp-java.itheima.net/zhyl/resources/scripts/messagecenter.js:296
[  194775ms] [LOG] dispatched to https://rp-java.itheima.net/zhyl/%E9%80%80%E4%BD%8F%E7%94%B3%E8%AF%B7%E8%AF%A6%E6%83%85%E9%A1%B5-%E7%94%B3%E8%AF%B7%E5%AE%A1%E6%89%B9-%E5%8F%91%E8%B5%B7%E4%BA%BA.html @ https://rp-java.itheima.net/zhyl/resources/scripts/messagecenter.js:296
[  194776ms] [LOG] dispatched to https://rp-java.itheima.net/zhyl/#id=hoc61o&p=%E9%80%80%E4%BD%8F%E7%94%B3%E8%AF%B7%E8%AF%A6%E6%83%85%E9%A1%B5-%E7%94%B3%E8%AF%B7%E5%AE%A1%E6%89%B9-%E5%8F%91%E8%B5%B7%E4%BA%BA&g=1 @ https://rp-java.itheima.net/zhyl/resources/scripts/messagecenter.js:296
[  194776ms] [LOG] dispatched to https://rp-java.itheima.net/zhyl/%E9%80%80%E4%BD%8F%E7%94%B3%E8%AF%B7%E8%AF%A6%E6%83%85%E9%A1%B5-%E7%94%B3%E8%AF%B7%E5%AE%A1%E6%89%B9-%E5%8F%91%E8%B5%B7%E4%BA%BA.html @ https://rp-java.itheima.net/zhyl/resources/scripts/messagecenter.js:296
[  194776ms] [LOG] dispatched to https://rp-java.itheima.net/zhyl/#id=hoc61o&p=%E9%80%80%E4%BD%8F%E7%94%B3%E8%AF%B7%E8%AF%A6%E6%83%85%E9%A1%B5-%E7%94%B3%E8%AF%B7%E5%AE%A1%E6%89%B9-%E5%8F%91%E8%B5%B7%E4%BA%BA&g=1 @ https://rp-java.itheima.net/zhyl/resources/scripts/messagecenter.js:296
[  194776ms] [LOG] dispatched to https://rp-java.itheima.net/zhyl/%E9%80%80%E4%BD%8F%E7%94%B3%E8%AF%B7%E8%AF%A6%E6%83%85%E9%A1%B5-%E7%94%B3%E8%AF%B7%E5%AE%A1%E6%89%B9-%E5%8F%91%E8%B5%B7%E4%BA%BA.html @ https://rp-java.itheima.net/zhyl/resources/scripts/messagecenter.js:296
[  194776ms] [LOG] dispatched to https://rp-java.itheima.net/zhyl/#id=hoc61o&p=%E9%80%80%E4%BD%8F%E7%94%B3%E8%AF%B7%E8%AF%A6%E6%83%85%E9%A1%B5-%E7%94%B3%E8%AF%B7%E5%AE%A1%E6%89%B9-%E5%8F%91%E8%B5%B7%E4%BA%BA&g=1 @ https://rp-java.itheima.net/zhyl/resources/scripts/messagecenter.js:296
[  194776ms] [LOG] dispatched to https://rp-java.itheima.net/zhyl/%E9%80%80%E4%BD%8F%E7%94%B3%E8%AF%B7%E8%AF%A6%E6%83%85%E9%A1%B5-%E7%94%B3%E8%AF%B7%E5%AE%A1%E6%89%B9-%E5%8F%91%E8%B5%B7%E4%BA%BA.html @ https://rp-java.itheima.net/zhyl/resources/scripts/messagecenter.js:296
[  194780ms] [LOG] dispatched to https://rp-java.itheima.net/zhyl/#id=hoc61o&p=%E9%80%80%E4%BD%8F%E7%94%B3%E8%AF%B7%E8%AF%A6%E6%83%85%E9%A1%B5-%E7%94%B3%E8%AF%B7%E5%AE%A1%E6%89%B9-%E5%8F%91%E8%B5%B7%E4%BA%BA&g=1 @ https://rp-java.itheima.net/zhyl/resources/scripts/messagecenter.js:296
[  194781ms] [LOG] dispatched to https://rp-java.itheima.net/zhyl/#id=hoc61o&p=%E9%80%80%E4%BD%8F%E7%94%B3%E8%AF%B7%E8%AF%A6%E6%83%85%E9%A1%B5-%E7%94%B3%E8%AF%B7%E5%AE%A1%E6%89%B9-%E5%8F%91%E8%B5%B7%E4%BA%BA&g=1 @ https://rp-java.itheima.net/zhyl/resources/scripts/messagecenter.js:296
[  194781ms] [LOG] dispatched to https://rp-java.itheima.net/zhyl/%E9%80%80%E4%BD%8F%E7%94%B3%E8%AF%B7%E8%AF%A6%E6%83%85%E9%A1%B5-%E7%94%B3%E8%AF%B7%E5%AE%A1%E6%89%B9-%E5%8F%91%E8%B5%B7%E4%BA%BA.html @ https://rp-java.itheima.net/zhyl/resources/scripts/messagecenter.js:296
[  194782ms] [LOG] dispatched to https://rp-java.itheima.net/zhyl/#id=hoc61o&p=%E9%80%80%E4%BD%8F%E7%94%B3%E8%AF%B7%E8%AF%A6%E6%83%85%E9%A1%B5-%E7%94%B3%E8%AF%B7%E5%AE%A1%E6%89%B9-%E5%8F%91%E8%B5%B7%E4%BA%BA&g=1 @ https://rp-java.itheima.net/zhyl/resources/scripts/messagecenter.js:296
[  194782ms] [LOG] dispatched to https://rp-java.itheima.net/zhyl/%E9%80%80%E4%BD%8F%E7%94%B3%E8%AF%B7%E8%AF%A6%E6%83%85%E9%A1%B5-%E7%94%B3%E8%AF%B7%E5%AE%A1%E6%89%B9-%E5%8F%91%E8%B5%B7%E4%BA%BA.html @ https://rp-java.itheima.net/zhyl/resources/scripts/messagecenter.js:296
[  194782ms] [LOG] dispatched to https://rp-java.itheima.net/zhyl/#id=hoc61o&p=%E9%80%80%E4%BD%8F%E7%94%B3%E8%AF%B7%E8%AF%A6%E6%83%85%E9%A1%B5-%E7%94%B3%E8%AF%B7%E5%AE%A1%E6%89%B9-%E5%8F%91%E8%B5%B7%E4%BA%BA&g=1 @ https://rp-java.itheima.net/zhyl/resources/scripts/messagecenter.js:296
[  194782ms] [LOG] dispatched to https://rp-java.itheima.net/zhyl/%E9%80%80%E4%BD%8F%E7%94%B3%E8%AF%B7%E8%AF%A6%E6%83%85%E9%A1%B5-%E7%94%B3%E8%AF%B7%E5%AE%A1%E6%89%B9-%E5%8F%91%E8%B5%B7%E4%BA%BA.html @ https://rp-java.itheima.net/zhyl/resources/scripts/messagecenter.js:296
[  194782ms] [LOG] dispatched to https://rp-java.itheima.net/zhyl/#id=hoc61o&p=%E9%80%80%E4%BD%8F%E7%94%B3%E8%AF%B7%E8%AF%A6%E6%83%85%E9%A1%B5-%E7%94%B3%E8%AF%B7%E5%AE%A1%E6%89%B9-%E5%8F%91%E8%B5%B7%E4%BA%BA&g=1 @ https://rp-java.itheima.net/zhyl/resources/scripts/messagecenter.js:296
[  194783ms] [LOG] dispatched to https://rp-java.itheima.net/zhyl/%E9%80%80%E4%BD%8F%E7%94%B3%E8%AF%B7%E8%AF%A6%E6%83%85%E9%A1%B5-%E7%94%B3%E8%AF%B7%E5%AE%A1%E6%89%B9-%E5%8F%91%E8%B5%B7%E4%BA%BA.html @ https://rp-java.itheima.net/zhyl/resources/scripts/messagecenter.js:296
[  194783ms] [LOG] dispatched to https://rp-java.itheima.net/zhyl/%E9%80%80%E4%BD%8F%E7%94%B3%E8%AF%B7%E8%AF%A6%E6%83%85%E9%A1%B5-%E7%94%B3%E8%AF%B7%E5%AE%A1%E6%89%B9-%E5%8F%91%E8%B5%B7%E4%BA%BA.html @ https://rp-java.itheima.net/zhyl/resources/scripts/messagecenter.js:296
[  194783ms] [LOG] loadTime: 0 @ https://rp-java.itheima.net/zhyl/resources/scripts/axure/init.temp.js:277
[  194785ms] [LOG] dispatched to https://rp-java.itheima.net/zhyl/#id=hoc61o&p=%E9%80%80%E4%BD%8F%E7%94%B3%E8%AF%B7%E8%AF%A6%E6%83%85%E9%A1%B5-%E7%94%B3%E8%AF%B7%E5%AE%A1%E6%89%B9-%E5%8F%91%E8%B5%B7%E4%BA%BA&g=1 @ https://rp-java.itheima.net/zhyl/resources/scripts/messagecenter.js:296
[  194785ms] [LOG] dispatched to https://rp-java.itheima.net/zhyl/%E9%80%80%E4%BD%8F%E7%94%B3%E8%AF%B7%E8%AF%A6%E6%83%85%E9%A1%B5-%E7%94%B3%E8%AF%B7%E5%AE%A1%E6%89%B9-%E5%8F%91%E8%B5%B7%E4%BA%BA.html @ https://rp-java.itheima.net/zhyl/resources/scripts/messagecenter.js:296
[  194785ms] [LOG] dispatched to https://rp-java.itheima.net/zhyl/#id=hoc61o&p=%E9%80%80%E4%BD%8F%E7%94%B3%E8%AF%B7%E8%AF%A6%E6%83%85%E9%A1%B5-%E7%94%B3%E8%AF%B7%E5%AE%A1%E6%89%B9-%E5%8F%91%E8%B5%B7%E4%BA%BA&g=1 @ https://rp-java.itheima.net/zhyl/resources/scripts/messagecenter.js:296
[  194785ms] [LOG] dispatched to https://rp-java.itheima.net/zhyl/%E9%80%80%E4%BD%8F%E7%94%B3%E8%AF%B7%E8%AF%A6%E6%83%85%E9%A1%B5-%E7%94%B3%E8%AF%B7%E5%AE%A1%E6%89%B9-%E5%8F%91%E8%B5%B7%E4%BA%BA.html @ https://rp-java.itheima.net/zhyl/resources/scripts/messagecenter.js:296
[  194785ms] [LOG] dispatched to https://rp-java.itheima.net/zhyl/#id=hoc61o&p=%E9%80%80%E4%BD%8F%E7%94%B3%E8%AF%B7%E8%AF%A6%E6%83%85%E9%A1%B5-%E7%94%B3%E8%AF%B7%E5%AE%A1%E6%89%B9-%E5%8F%91%E8%B5%B7%E4%BA%BA&g=1 @ https://rp-java.itheima.net/zhyl/resources/scripts/messagecenter.js:296
[  194785ms] [LOG] dispatched to https://rp-java.itheima.net/zhyl/%E9%80%80%E4%BD%8F%E7%94%B3%E8%AF%B7%E8%AF%A6%E6%83%85%E9%A1%B5-%E7%94%B3%E8%AF%B7%E5%AE%A1%E6%89%B9-%E5%8F%91%E8%B5%B7%E4%BA%BA.html @ https://rp-java.itheima.net/zhyl/resources/scripts/messagecenter.js:296
[  194785ms] [LOG] dispatched to https://rp-java.itheima.net/zhyl/%E9%80%80%E4%BD%8F%E7%94%B3%E8%AF%B7%E8%AF%A6%E6%83%85%E9%A1%B5-%E7%94%B3%E8%AF%B7%E5%AE%A1%E6%89%B9-%E5%8F%91%E8%B5%B7%E4%BA%BA.html @ https://rp-java.itheima.net/zhyl/resources/scripts/messagecenter.js:296
[  237135ms] [LOG] adding from https://rp-java.itheima.net/zhyl/%E9%80%80%E4%BD%8F%E7%94%B3%E8%AF%B7%E8%AF%A6%E6%83%85%E9%A1%B5-%E7%94%B3%E8%AF%B7%E5%AE%A1%E6%89%B9-%E5%AE%A1%E6%89%B9%E4%BA%BA.html @ https://rp-java.itheima.net/zhyl/resources/scripts/messagecenter.js:240
[  237136ms] [LOG] dispatched to https://rp-java.itheima.net/zhyl/#id=hoc61o&p=%E9%80%80%E4%BD%8F%E7%94%B3%E8%AF%B7%E8%AF%A6%E6%83%85%E9%A1%B5-%E7%94%B3%E8%AF%B7%E5%AE%A1%E6%89%B9-%E5%8F%91%E8%B5%B7%E4%BA%BA&g=1 @ https://rp-java.itheima.net/zhyl/resources/scripts/messagecenter.js:296
[  237138ms] [LOG] dispatched to https://rp-java.itheima.net/zhyl/#id=5vlggx&p=%E9%80%80%E4%BD%8F%E7%94%B3%E8%AF%B7%E8%AF%A6%E6%83%85%E9%A1%B5-%E7%94%B3%E8%AF%B7%E5%AE%A1%E6%89%B9-%E5%AE%A1%E6%89%B9%E4%BA%BA&g=1 @ https://rp-java.itheima.net/zhyl/resources/scripts/messagecenter.js:296
[  237138ms] [LOG] dispatched to https://rp-java.itheima.net/zhyl/%E9%80%80%E4%BD%8F%E7%94%B3%E8%AF%B7%E8%AF%A6%E6%83%85%E9%A1%B5-%E7%94%B3%E8%AF%B7%E5%AE%A1%E6%89%B9-%E5%AE%A1%E6%89%B9%E4%BA%BA.html @ https://rp-java.itheima.net/zhyl/resources/scripts/messagecenter.js:296
[  237139ms] [LOG] dispatched to https://rp-java.itheima.net/zhyl/#id=5vlggx&p=%E9%80%80%E4%BD%8F%E7%94%B3%E8%AF%B7%E8%AF%A6%E6%83%85%E9%A1%B5-%E7%94%B3%E8%AF%B7%E5%AE%A1%E6%89%B9-%E5%AE%A1%E6%89%B9%E4%BA%BA&g=1 @ https://rp-java.itheima.net/zhyl/resources/scripts/messagecenter.js:296
[  237139ms] [LOG] dispatched to https://rp-java.itheima.net/zhyl/%E9%80%80%E4%BD%8F%E7%94%B3%E8%AF%B7%E8%AF%A6%E6%83%85%E9%A1%B5-%E7%94%B3%E8%AF%B7%E5%AE%A1%E6%89%B9-%E5%AE%A1%E6%89%B9%E4%BA%BA.html @ https://rp-java.itheima.net/zhyl/resources/scripts/messagecenter.js:296
[  237139ms] [LOG] dispatched to https://rp-java.itheima.net/zhyl/#id=5vlggx&p=%E9%80%80%E4%BD%8F%E7%94%B3%E8%AF%B7%E8%AF%A6%E6%83%85%E9%A1%B5-%E7%94%B3%E8%AF%B7%E5%AE%A1%E6%89%B9-%E5%AE%A1%E6%89%B9%E4%BA%BA&g=1 @ https://rp-java.itheima.net/zhyl/resources/scripts/messagecenter.js:296
[  237139ms] [LOG] dispatched to https://rp-java.itheima.net/zhyl/%E9%80%80%E4%BD%8F%E7%94%B3%E8%AF%B7%E8%AF%A6%E6%83%85%E9%A1%B5-%E7%94%B3%E8%AF%B7%E5%AE%A1%E6%89%B9-%E5%AE%A1%E6%89%B9%E4%BA%BA.html @ https://rp-java.itheima.net/zhyl/resources/scripts/messagecenter.js:296
[  237140ms] [LOG] dispatched to https://rp-java.itheima.net/zhyl/#id=5vlggx&p=%E9%80%80%E4%BD%8F%E7%94%B3%E8%AF%B7%E8%AF%A6%E6%83%85%E9%A1%B5-%E7%94%B3%E8%AF%B7%E5%AE%A1%E6%89%B9-%E5%AE%A1%E6%89%B9%E4%BA%BA&g=1 @ https://rp-java.itheima.net/zhyl/resources/scripts/messagecenter.js:296
[  237140ms] [LOG] dispatched to https://rp-java.itheima.net/zhyl/%E9%80%80%E4%BD%8F%E7%94%B3%E8%AF%B7%E8%AF%A6%E6%83%85%E9%A1%B5-%E7%94%B3%E8%AF%B7%E5%AE%A1%E6%89%B9-%E5%AE%A1%E6%89%B9%E4%BA%BA.html @ https://rp-java.itheima.net/zhyl/resources/scripts/messagecenter.js:296
[  237140ms] [LOG] dispatched to https://rp-java.itheima.net/zhyl/#id=5vlggx&p=%E9%80%80%E4%BD%8F%E7%94%B3%E8%AF%B7%E8%AF%A6%E6%83%85%E9%A1%B5-%E7%94%B3%E8%AF%B7%E5%AE%A1%E6%89%B9-%E5%AE%A1%E6%89%B9%E4%BA%BA&g=1 @ https://rp-java.itheima.net/zhyl/resources/scripts/messagecenter.js:296
[  237140ms] [LOG] dispatched to https://rp-java.itheima.net/zhyl/%E9%80%80%E4%BD%8F%E7%94%B3%E8%AF%B7%E8%AF%A6%E6%83%85%E9%A1%B5-%E7%94%B3%E8%AF%B7%E5%AE%A1%E6%89%B9-%E5%AE%A1%E6%89%B9%E4%BA%BA.html @ https://rp-java.itheima.net/zhyl/resources/scripts/messagecenter.js:296
[  237140ms] [LOG] dispatched to https://rp-java.itheima.net/zhyl/#id=5vlggx&p=%E9%80%80%E4%BD%8F%E7%94%B3%E8%AF%B7%E8%AF%A6%E6%83%85%E9%A1%B5-%E7%94%B3%E8%AF%B7%E5%AE%A1%E6%89%B9-%E5%AE%A1%E6%89%B9%E4%BA%BA&g=1 @ https://rp-java.itheima.net/zhyl/resources/scripts/messagecenter.js:296
[  237141ms] [LOG] dispatched to https://rp-java.itheima.net/zhyl/%E9%80%80%E4%BD%8F%E7%94%B3%E8%AF%B7%E8%AF%A6%E6%83%85%E9%A1%B5-%E7%94%B3%E8%AF%B7%E5%AE%A1%E6%89%B9-%E5%AE%A1%E6%89%B9%E4%BA%BA.html @ https://rp-java.itheima.net/zhyl/resources/scripts/messagecenter.js:296
[  237141ms] [LOG] dispatched to https://rp-java.itheima.net/zhyl/#id=5vlggx&p=%E9%80%80%E4%BD%8F%E7%94%B3%E8%AF%B7%E8%AF%A6%E6%83%85%E9%A1%B5-%E7%94%B3%E8%AF%B7%E5%AE%A1%E6%89%B9-%E5%AE%A1%E6%89%B9%E4%BA%BA&g=1 @ https://rp-java.itheima.net/zhyl/resources/scripts/messagecenter.js:296
[  237141ms] [LOG] dispatched to https://rp-java.itheima.net/zhyl/%E9%80%80%E4%BD%8F%E7%94%B3%E8%AF%B7%E8%AF%A6%E6%83%85%E9%A1%B5-%E7%94%B3%E8%AF%B7%E5%AE%A1%E6%89%B9-%E5%AE%A1%E6%89%B9%E4%BA%BA.html @ https://rp-java.itheima.net/zhyl/resources/scripts/messagecenter.js:296
[  237155ms] [LOG] dispatched to https://rp-java.itheima.net/zhyl/#id=5vlggx&p=%E9%80%80%E4%BD%8F%E7%94%B3%E8%AF%B7%E8%AF%A6%E6%83%85%E9%A1%B5-%E7%94%B3%E8%AF%B7%E5%AE%A1%E6%89%B9-%E5%AE%A1%E6%89%B9%E4%BA%BA&g=1 @ https://rp-java.itheima.net/zhyl/resources/scripts/messagecenter.js:296
[  237156ms] [LOG] dispatched to https://rp-java.itheima.net/zhyl/#id=5vlggx&p=%E9%80%80%E4%BD%8F%E7%94%B3%E8%AF%B7%E8%AF%A6%E6%83%85%E9%A1%B5-%E7%94%B3%E8%AF%B7%E5%AE%A1%E6%89%B9-%E5%AE%A1%E6%89%B9%E4%BA%BA&g=1 @ https://rp-java.itheima.net/zhyl/resources/scripts/messagecenter.js:296
[  237156ms] [LOG] dispatched to https://rp-java.itheima.net/zhyl/%E9%80%80%E4%BD%8F%E7%94%B3%E8%AF%B7%E8%AF%A6%E6%83%85%E9%A1%B5-%E7%94%B3%E8%AF%B7%E5%AE%A1%E6%89%B9-%E5%AE%A1%E6%89%B9%E4%BA%BA.html @ https://rp-java.itheima.net/zhyl/resources/scripts/messagecenter.js:296
[  237157ms] [LOG] dispatched to https://rp-java.itheima.net/zhyl/#id=5vlggx&p=%E9%80%80%E4%BD%8F%E7%94%B3%E8%AF%B7%E8%AF%A6%E6%83%85%E9%A1%B5-%E7%94%B3%E8%AF%B7%E5%AE%A1%E6%89%B9-%E5%AE%A1%E6%89%B9%E4%BA%BA&g=1 @ https://rp-java.itheima.net/zhyl/resources/scripts/messagecenter.js:296
[  237157ms] [LOG] dispatched to https://rp-java.itheima.net/zhyl/%E9%80%80%E4%BD%8F%E7%94%B3%E8%AF%B7%E8%AF%A6%E6%83%85%E9%A1%B5-%E7%94%B3%E8%AF%B7%E5%AE%A1%E6%89%B9-%E5%AE%A1%E6%89%B9%E4%BA%BA.html @ https://rp-java.itheima.net/zhyl/resources/scripts/messagecenter.js:296
[  237158ms] [LOG] dispatched to https://rp-java.itheima.net/zhyl/#id=5vlggx&p=%E9%80%80%E4%BD%8F%E7%94%B3%E8%AF%B7%E8%AF%A6%E6%83%85%E9%A1%B5-%E7%94%B3%E8%AF%B7%E5%AE%A1%E6%89%B9-%E5%AE%A1%E6%89%B9%E4%BA%BA&g=1 @ https://rp-java.itheima.net/zhyl/resources/scripts/messagecenter.js:296
[  237158ms] [LOG] dispatched to https://rp-java.itheima.net/zhyl/%E9%80%80%E4%BD%8F%E7%94%B3%E8%AF%B7%E8%AF%A6%E6%83%85%E9%A1%B5-%E7%94%B3%E8%AF%B7%E5%AE%A1%E6%89%B9-%E5%AE%A1%E6%89%B9%E4%BA%BA.html @ https://rp-java.itheima.net/zhyl/resources/scripts/messagecenter.js:296
[  237158ms] [LOG] dispatched to https://rp-java.itheima.net/zhyl/#id=5vlggx&p=%E9%80%80%E4%BD%8F%E7%94%B3%E8%AF%B7%E8%AF%A6%E6%83%85%E9%A1%B5-%E7%94%B3%E8%AF%B7%E5%AE%A1%E6%89%B9-%E5%AE%A1%E6%89%B9%E4%BA%BA&g=1 @ https://rp-java.itheima.net/zhyl/resources/scripts/messagecenter.js:296
[  237158ms] [LOG] dispatched to https://rp-java.itheima.net/zhyl/%E9%80%80%E4%BD%8F%E7%94%B3%E8%AF%B7%E8%AF%A6%E6%83%85%E9%A1%B5-%E7%94%B3%E8%AF%B7%E5%AE%A1%E6%89%B9-%E5%AE%A1%E6%89%B9%E4%BA%BA.html @ https://rp-java.itheima.net/zhyl/resources/scripts/messagecenter.js:296
[  237158ms] [LOG] dispatched to https://rp-java.itheima.net/zhyl/%E9%80%80%E4%BD%8F%E7%94%B3%E8%AF%B7%E8%AF%A6%E6%83%85%E9%A1%B5-%E7%94%B3%E8%AF%B7%E5%AE%A1%E6%89%B9-%E5%AE%A1%E6%89%B9%E4%BA%BA.html @ https://rp-java.itheima.net/zhyl/resources/scripts/messagecenter.js:296
[  237159ms] [LOG] loadTime: 0 @ https://rp-java.itheima.net/zhyl/resources/scripts/axure/init.temp.js:277
[  237165ms] [LOG] dispatched to https://rp-java.itheima.net/zhyl/#id=5vlggx&p=%E9%80%80%E4%BD%8F%E7%94%B3%E8%AF%B7%E8%AF%A6%E6%83%85%E9%A1%B5-%E7%94%B3%E8%AF%B7%E5%AE%A1%E6%89%B9-%E5%AE%A1%E6%89%B9%E4%BA%BA&g=1 @ https://rp-java.itheima.net/zhyl/resources/scripts/messagecenter.js:296
[  237165ms] [LOG] dispatched to https://rp-java.itheima.net/zhyl/%E9%80%80%E4%BD%8F%E7%94%B3%E8%AF%B7%E8%AF%A6%E6%83%85%E9%A1%B5-%E7%94%B3%E8%AF%B7%E5%AE%A1%E6%89%B9-%E5%AE%A1%E6%89%B9%E4%BA%BA.html @ https://rp-java.itheima.net/zhyl/resources/scripts/messagecenter.js:296
[  237165ms] [LOG] dispatched to https://rp-java.itheima.net/zhyl/#id=5vlggx&p=%E9%80%80%E4%BD%8F%E7%94%B3%E8%AF%B7%E8%AF%A6%E6%83%85%E9%A1%B5-%E7%94%B3%E8%AF%B7%E5%AE%A1%E6%89%B9-%E5%AE%A1%E6%89%B9%E4%BA%BA&g=1 @ https://rp-java.itheima.net/zhyl/resources/scripts/messagecenter.js:296
[  237165ms] [LOG] dispatched to https://rp-java.itheima.net/zhyl/%E9%80%80%E4%BD%8F%E7%94%B3%E8%AF%B7%E8%AF%A6%E6%83%85%E9%A1%B5-%E7%94%B3%E8%AF%B7%E5%AE%A1%E6%89%B9-%E5%AE%A1%E6%89%B9%E4%BA%BA.html @ https://rp-java.itheima.net/zhyl/resources/scripts/messagecenter.js:296
[  237165ms] [LOG] dispatched to https://rp-java.itheima.net/zhyl/#id=5vlggx&p=%E9%80%80%E4%BD%8F%E7%94%B3%E8%AF%B7%E8%AF%A6%E6%83%85%E9%A1%B5-%E7%94%B3%E8%AF%B7%E5%AE%A1%E6%89%B9-%E5%AE%A1%E6%89%B9%E4%BA%BA&g=1 @ https://rp-java.itheima.net/zhyl/resources/scripts/messagecenter.js:296
[  237166ms] [LOG] dispatched to https://rp-java.itheima.net/zhyl/%E9%80%80%E4%BD%8F%E7%94%B3%E8%AF%B7%E8%AF%A6%E6%83%85%E9%A1%B5-%E7%94%B3%E8%AF%B7%E5%AE%A1%E6%89%B9-%E5%AE%A1%E6%89%B9%E4%BA%BA.html @ https://rp-java.itheima.net/zhyl/resources/scripts/messagecenter.js:296
[  237166ms] [LOG] dispatched to https://rp-java.itheima.net/zhyl/%E9%80%80%E4%BD%8F%E7%94%B3%E8%AF%B7%E8%AF%A6%E6%83%85%E9%A1%B5-%E7%94%B3%E8%AF%B7%E5%AE%A1%E6%89%B9-%E5%AE%A1%E6%89%B9%E4%BA%BA.html @ https://rp-java.itheima.net/zhyl/resources/scripts/messagecenter.js:296
[  252821ms] [LOG] adding from https://rp-java.itheima.net/zhyl/%E9%80%80%E4%BD%8F%E7%94%B3%E8%AF%B7%E8%AF%A6%E6%83%85%E9%A1%B5-%E8%A7%A3%E9%99%A4%E5%90%88%E5%90%8C-%E6%93%8D%E4%BD%9C%E4%BA%BA.html @ https://rp-java.itheima.net/zhyl/resources/scripts/messagecenter.js:240
[  252821ms] [LOG] dispatched to https://rp-java.itheima.net/zhyl/#id=5vlggx&p=%E9%80%80%E4%BD%8F%E7%94%B3%E8%AF%B7%E8%AF%A6%E6%83%85%E9%A1%B5-%E7%94%B3%E8%AF%B7%E5%AE%A1%E6%89%B9-%E5%AE%A1%E6%89%B9%E4%BA%BA&g=1 @ https://rp-java.itheima.net/zhyl/resources/scripts/messagecenter.js:296
[  252823ms] [LOG] dispatched to https://rp-java.itheima.net/zhyl/#id=x0iqhb&p=%E9%80%80%E4%BD%8F%E7%94%B3%E8%AF%B7%E8%AF%A6%E6%83%85%E9%A1%B5-%E8%A7%A3%E9%99%A4%E5%90%88%E5%90%8C-%E6%93%8D%E4%BD%9C%E4%BA%BA&g=1 @ https://rp-java.itheima.net/zhyl/resources/scripts/messagecenter.js:296
[  252823ms] [LOG] dispatched to https://rp-java.itheima.net/zhyl/%E9%80%80%E4%BD%8F%E7%94%B3%E8%AF%B7%E8%AF%A6%E6%83%85%E9%A1%B5-%E8%A7%A3%E9%99%A4%E5%90%88%E5%90%8C-%E6%93%8D%E4%BD%9C%E4%BA%BA.html @ https://rp-java.itheima.net/zhyl/resources/scripts/messagecenter.js:296
[  252824ms] [LOG] dispatched to https://rp-java.itheima.net/zhyl/#id=x0iqhb&p=%E9%80%80%E4%BD%8F%E7%94%B3%E8%AF%B7%E8%AF%A6%E6%83%85%E9%A1%B5-%E8%A7%A3%E9%99%A4%E5%90%88%E5%90%8C-%E6%93%8D%E4%BD%9C%E4%BA%BA&g=1 @ https://rp-java.itheima.net/zhyl/resources/scripts/messagecenter.js:296
[  252824ms] [LOG] dispatched to https://rp-java.itheima.net/zhyl/%E9%80%80%E4%BD%8F%E7%94%B3%E8%AF%B7%E8%AF%A6%E6%83%85%E9%A1%B5-%E8%A7%A3%E9%99%A4%E5%90%88%E5%90%8C-%E6%93%8D%E4%BD%9C%E4%BA%BA.html @ https://rp-java.itheima.net/zhyl/resources/scripts/messagecenter.js:296
[  252824ms] [LOG] dispatched to https://rp-java.itheima.net/zhyl/#id=x0iqhb&p=%E9%80%80%E4%BD%8F%E7%94%B3%E8%AF%B7%E8%AF%A6%E6%83%85%E9%A1%B5-%E8%A7%A3%E9%99%A4%E5%90%88%E5%90%8C-%E6%93%8D%E4%BD%9C%E4%BA%BA&g=1 @ https://rp-java.itheima.net/zhyl/resources/scripts/messagecenter.js:296
[  252824ms] [LOG] dispatched to https://rp-java.itheima.net/zhyl/%E9%80%80%E4%BD%8F%E7%94%B3%E8%AF%B7%E8%AF%A6%E6%83%85%E9%A1%B5-%E8%A7%A3%E9%99%A4%E5%90%88%E5%90%8C-%E6%93%8D%E4%BD%9C%E4%BA%BA.html @ https://rp-java.itheima.net/zhyl/resources/scripts/messagecenter.js:296
[  252825ms] [LOG] dispatched to https://rp-java.itheima.net/zhyl/#id=x0iqhb&p=%E9%80%80%E4%BD%8F%E7%94%B3%E8%AF%B7%E8%AF%A6%E6%83%85%E9%A1%B5-%E8%A7%A3%E9%99%A4%E5%90%88%E5%90%8C-%E6%93%8D%E4%BD%9C%E4%BA%BA&g=1 @ https://rp-java.itheima.net/zhyl/resources/scripts/messagecenter.js:296
[  252826ms] [LOG] dispatched to https://rp-java.itheima.net/zhyl/%E9%80%80%E4%BD%8F%E7%94%B3%E8%AF%B7%E8%AF%A6%E6%83%85%E9%A1%B5-%E8%A7%A3%E9%99%A4%E5%90%88%E5%90%8C-%E6%93%8D%E4%BD%9C%E4%BA%BA.html @ https://rp-java.itheima.net/zhyl/resources/scripts/messagecenter.js:296
[  252826ms] [LOG] dispatched to https://rp-java.itheima.net/zhyl/#id=x0iqhb&p=%E9%80%80%E4%BD%8F%E7%94%B3%E8%AF%B7%E8%AF%A6%E6%83%85%E9%A1%B5-%E8%A7%A3%E9%99%A4%E5%90%88%E5%90%8C-%E6%93%8D%E4%BD%9C%E4%BA%BA&g=1 @ https://rp-java.itheima.net/zhyl/resources/scripts/messagecenter.js:296
[  252826ms] [LOG] dispatched to https://rp-java.itheima.net/zhyl/%E9%80%80%E4%BD%8F%E7%94%B3%E8%AF%B7%E8%AF%A6%E6%83%85%E9%A1%B5-%E8%A7%A3%E9%99%A4%E5%90%88%E5%90%8C-%E6%93%8D%E4%BD%9C%E4%BA%BA.html @ https://rp-java.itheima.net/zhyl/resources/scripts/messagecenter.js:296
[  252826ms] [LOG] dispatched to https://rp-java.itheima.net/zhyl/#id=x0iqhb&p=%E9%80%80%E4%BD%8F%E7%94%B3%E8%AF%B7%E8%AF%A6%E6%83%85%E9%A1%B5-%E8%A7%A3%E9%99%A4%E5%90%88%E5%90%8C-%E6%93%8D%E4%BD%9C%E4%BA%BA&g=1 @ https://rp-java.itheima.net/zhyl/resources/scripts/messagecenter.js:296
[  252826ms] [LOG] dispatched to https://rp-java.itheima.net/zhyl/%E9%80%80%E4%BD%8F%E7%94%B3%E8%AF%B7%E8%AF%A6%E6%83%85%E9%A1%B5-%E8%A7%A3%E9%99%A4%E5%90%88%E5%90%8C-%E6%93%8D%E4%BD%9C%E4%BA%BA.html @ https://rp-java.itheima.net/zhyl/resources/scripts/messagecenter.js:296
[  252826ms] [LOG] dispatched to https://rp-java.itheima.net/zhyl/#id=x0iqhb&p=%E9%80%80%E4%BD%8F%E7%94%B3%E8%AF%B7%E8%AF%A6%E6%83%85%E9%A1%B5-%E8%A7%A3%E9%99%A4%E5%90%88%E5%90%8C-%E6%93%8D%E4%BD%9C%E4%BA%BA&g=1 @ https://rp-java.itheima.net/zhyl/resources/scripts/messagecenter.js:296
[  252826ms] [LOG] dispatched to https://rp-java.itheima.net/zhyl/%E9%80%80%E4%BD%8F%E7%94%B3%E8%AF%B7%E8%AF%A6%E6%83%85%E9%A1%B5-%E8%A7%A3%E9%99%A4%E5%90%88%E5%90%8C-%E6%93%8D%E4%BD%9C%E4%BA%BA.html @ https://rp-java.itheima.net/zhyl/resources/scripts/messagecenter.js:296
[  252834ms] [LOG] dispatched to https://rp-java.itheima.net/zhyl/#id=x0iqhb&p=%E9%80%80%E4%BD%8F%E7%94%B3%E8%AF%B7%E8%AF%A6%E6%83%85%E9%A1%B5-%E8%A7%A3%E9%99%A4%E5%90%88%E5%90%8C-%E6%93%8D%E4%BD%9C%E4%BA%BA&g=1 @ https://rp-java.itheima.net/zhyl/resources/scripts/messagecenter.js:296
[  252834ms] [LOG] dispatched to https://rp-java.itheima.net/zhyl/#id=x0iqhb&p=%E9%80%80%E4%BD%8F%E7%94%B3%E8%AF%B7%E8%AF%A6%E6%83%85%E9%A1%B5-%E8%A7%A3%E9%99%A4%E5%90%88%E5%90%8C-%E6%93%8D%E4%BD%9C%E4%BA%BA&g=1 @ https://rp-java.itheima.net/zhyl/resources/scripts/messagecenter.js:296
[  252834ms] [LOG] dispatched to https://rp-java.itheima.net/zhyl/%E9%80%80%E4%BD%8F%E7%94%B3%E8%AF%B7%E8%AF%A6%E6%83%85%E9%A1%B5-%E8%A7%A3%E9%99%A4%E5%90%88%E5%90%8C-%E6%93%8D%E4%BD%9C%E4%BA%BA.html @ https://rp-java.itheima.net/zhyl/resources/scripts/messagecenter.js:296
[  252835ms] [LOG] dispatched to https://rp-java.itheima.net/zhyl/#id=x0iqhb&p=%E9%80%80%E4%BD%8F%E7%94%B3%E8%AF%B7%E8%AF%A6%E6%83%85%E9%A1%B5-%E8%A7%A3%E9%99%A4%E5%90%88%E5%90%8C-%E6%93%8D%E4%BD%9C%E4%BA%BA&g=1 @ https://rp-java.itheima.net/zhyl/resources/scripts/messagecenter.js:296
[  252835ms] [LOG] dispatched to https://rp-java.itheima.net/zhyl/%E9%80%80%E4%BD%8F%E7%94%B3%E8%AF%B7%E8%AF%A6%E6%83%85%E9%A1%B5-%E8%A7%A3%E9%99%A4%E5%90%88%E5%90%8C-%E6%93%8D%E4%BD%9C%E4%BA%BA.html @ https://rp-java.itheima.net/zhyl/resources/scripts/messagecenter.js:296
[  252835ms] [LOG] dispatched to https://rp-java.itheima.net/zhyl/#id=x0iqhb&p=%E9%80%80%E4%BD%8F%E7%94%B3%E8%AF%B7%E8%AF%A6%E6%83%85%E9%A1%B5-%E8%A7%A3%E9%99%A4%E5%90%88%E5%90%8C-%E6%93%8D%E4%BD%9C%E4%BA%BA&g=1 @ https://rp-java.itheima.net/zhyl/resources/scripts/messagecenter.js:296
[  252835ms] [LOG] dispatched to https://rp-java.itheima.net/zhyl/%E9%80%80%E4%BD%8F%E7%94%B3%E8%AF%B7%E8%AF%A6%E6%83%85%E9%A1%B5-%E8%A7%A3%E9%99%A4%E5%90%88%E5%90%8C-%E6%93%8D%E4%BD%9C%E4%BA%BA.html @ https://rp-java.itheima.net/zhyl/resources/scripts/messagecenter.js:296
[  252836ms] [LOG] dispatched to https://rp-java.itheima.net/zhyl/#id=x0iqhb&p=%E9%80%80%E4%BD%8F%E7%94%B3%E8%AF%B7%E8%AF%A6%E6%83%85%E9%A1%B5-%E8%A7%A3%E9%99%A4%E5%90%88%E5%90%8C-%E6%93%8D%E4%BD%9C%E4%BA%BA&g=1 @ https://rp-java.itheima.net/zhyl/resources/scripts/messagecenter.js:296
[  252836ms] [LOG] dispatched to https://rp-java.itheima.net/zhyl/%E9%80%80%E4%BD%8F%E7%94%B3%E8%AF%B7%E8%AF%A6%E6%83%85%E9%A1%B5-%E8%A7%A3%E9%99%A4%E5%90%88%E5%90%8C-%E6%93%8D%E4%BD%9C%E4%BA%BA.html @ https://rp-java.itheima.net/zhyl/resources/scripts/messagecenter.js:296
[  252836ms] [LOG] dispatched to https://rp-java.itheima.net/zhyl/%E9%80%80%E4%BD%8F%E7%94%B3%E8%AF%B7%E8%AF%A6%E6%83%85%E9%A1%B5-%E8%A7%A3%E9%99%A4%E5%90%88%E5%90%8C-%E6%93%8D%E4%BD%9C%E4%BA%BA.html @ https://rp-java.itheima.net/zhyl/resources/scripts/messagecenter.js:296
[  252836ms] [LOG] loadTime: 0.001 @ https://rp-java.itheima.net/zhyl/resources/scripts/axure/init.temp.js:277
[  252847ms] [LOG] dispatched to https://rp-java.itheima.net/zhyl/#id=x0iqhb&p=%E9%80%80%E4%BD%8F%E7%94%B3%E8%AF%B7%E8%AF%A6%E6%83%85%E9%A1%B5-%E8%A7%A3%E9%99%A4%E5%90%88%E5%90%8C-%E6%93%8D%E4%BD%9C%E4%BA%BA&g=1 @ https://rp-java.itheima.net/zhyl/resources/scripts/messagecenter.js:296
[  252847ms] [LOG] dispatched to https://rp-java.itheima.net/zhyl/%E9%80%80%E4%BD%8F%E7%94%B3%E8%AF%B7%E8%AF%A6%E6%83%85%E9%A1%B5-%E8%A7%A3%E9%99%A4%E5%90%88%E5%90%8C-%E6%93%8D%E4%BD%9C%E4%BA%BA.html @ https://rp-java.itheima.net/zhyl/resources/scripts/messagecenter.js:296
[  252848ms] [LOG] dispatched to https://rp-java.itheima.net/zhyl/#id=x0iqhb&p=%E9%80%80%E4%BD%8F%E7%94%B3%E8%AF%B7%E8%AF%A6%E6%83%85%E9%A1%B5-%E8%A7%A3%E9%99%A4%E5%90%88%E5%90%8C-%E6%93%8D%E4%BD%9C%E4%BA%BA&g=1 @ https://rp-java.itheima.net/zhyl/resources/scripts/messagecenter.js:296
[  252848ms] [LOG] dispatched to https://rp-java.itheima.net/zhyl/%E9%80%80%E4%BD%8F%E7%94%B3%E8%AF%B7%E8%AF%A6%E6%83%85%E9%A1%B5-%E8%A7%A3%E9%99%A4%E5%90%88%E5%90%8C-%E6%93%8D%E4%BD%9C%E4%BA%BA.html @ https://rp-java.itheima.net/zhyl/resources/scripts/messagecenter.js:296
[  252848ms] [LOG] dispatched to https://rp-java.itheima.net/zhyl/#id=x0iqhb&p=%E9%80%80%E4%BD%8F%E7%94%B3%E8%AF%B7%E8%AF%A6%E6%83%85%E9%A1%B5-%E8%A7%A3%E9%99%A4%E5%90%88%E5%90%8C-%E6%93%8D%E4%BD%9C%E4%BA%BA&g=1 @ https://rp-java.itheima.net/zhyl/resources/scripts/messagecenter.js:296
[  252848ms] [LOG] dispatched to https://rp-java.itheima.net/zhyl/%E9%80%80%E4%BD%8F%E7%94%B3%E8%AF%B7%E8%AF%A6%E6%83%85%E9%A1%B5-%E8%A7%A3%E9%99%A4%E5%90%88%E5%90%8C-%E6%93%8D%E4%BD%9C%E4%BA%BA.html @ https://rp-java.itheima.net/zhyl/resources/scripts/messagecenter.js:296
[  252848ms] [LOG] dispatched to https://rp-java.itheima.net/zhyl/%E9%80%80%E4%BD%8F%E7%94%B3%E8%AF%B7%E8%AF%A6%E6%83%85%E9%A1%B5-%E8%A7%A3%E9%99%A4%E5%90%88%E5%90%8C-%E6%93%8D%E4%BD%9C%E4%BA%BA.html @ https://rp-java.itheima.net/zhyl/resources/scripts/messagecenter.js:296
[  280372ms] [LOG] adding from https://rp-java.itheima.net/zhyl/%E9%80%80%E4%BD%8F%E7%94%B3%E8%AF%B7%E8%AF%A6%E6%83%85%E9%A1%B5-%E8%B0%83%E6%95%B4%E8%B4%A6%E5%8D%95.html @ https://rp-java.itheima.net/zhyl/resources/scripts/messagecenter.js:240
[  280373ms] [LOG] dispatched to https://rp-java.itheima.net/zhyl/#id=x0iqhb&p=%E9%80%80%E4%BD%8F%E7%94%B3%E8%AF%B7%E8%AF%A6%E6%83%85%E9%A1%B5-%E8%A7%A3%E9%99%A4%E5%90%88%E5%90%8C-%E6%93%8D%E4%BD%9C%E4%BA%BA&g=1 @ https://rp-java.itheima.net/zhyl/resources/scripts/messagecenter.js:296
[  280376ms] [LOG] dispatched to https://rp-java.itheima.net/zhyl/#id=wpepwp&p=%E9%80%80%E4%BD%8F%E7%94%B3%E8%AF%B7%E8%AF%A6%E6%83%85%E9%A1%B5-%E8%B0%83%E6%95%B4%E8%B4%A6%E5%8D%95&g=1 @ https://rp-java.itheima.net/zhyl/resources/scripts/messagecenter.js:296
[  280376ms] [LOG] dispatched to https://rp-java.itheima.net/zhyl/%E9%80%80%E4%BD%8F%E7%94%B3%E8%AF%B7%E8%AF%A6%E6%83%85%E9%A1%B5-%E8%B0%83%E6%95%B4%E8%B4%A6%E5%8D%95.html @ https://rp-java.itheima.net/zhyl/resources/scripts/messagecenter.js:296
[  280377ms] [LOG] dispatched to https://rp-java.itheima.net/zhyl/#id=wpepwp&p=%E9%80%80%E4%BD%8F%E7%94%B3%E8%AF%B7%E8%AF%A6%E6%83%85%E9%A1%B5-%E8%B0%83%E6%95%B4%E8%B4%A6%E5%8D%95&g=1 @ https://rp-java.itheima.net/zhyl/resources/scripts/messagecenter.js:296
[  280377ms] [LOG] dispatched to https://rp-java.itheima.net/zhyl/%E9%80%80%E4%BD%8F%E7%94%B3%E8%AF%B7%E8%AF%A6%E6%83%85%E9%A1%B5-%E8%B0%83%E6%95%B4%E8%B4%A6%E5%8D%95.html @ https://rp-java.itheima.net/zhyl/resources/scripts/messagecenter.js:296
[  280377ms] [LOG] dispatched to https://rp-java.itheima.net/zhyl/#id=wpepwp&p=%E9%80%80%E4%BD%8F%E7%94%B3%E8%AF%B7%E8%AF%A6%E6%83%85%E9%A1%B5-%E8%B0%83%E6%95%B4%E8%B4%A6%E5%8D%95&g=1 @ https://rp-java.itheima.net/zhyl/resources/scripts/messagecenter.js:296
[  280377ms] [LOG] dispatched to https://rp-java.itheima.net/zhyl/%E9%80%80%E4%BD%8F%E7%94%B3%E8%AF%B7%E8%AF%A6%E6%83%85%E9%A1%B5-%E8%B0%83%E6%95%B4%E8%B4%A6%E5%8D%95.html @ https://rp-java.itheima.net/zhyl/resources/scripts/messagecenter.js:296
[  280378ms] [LOG] dispatched to https://rp-java.itheima.net/zhyl/#id=wpepwp&p=%E9%80%80%E4%BD%8F%E7%94%B3%E8%AF%B7%E8%AF%A6%E6%83%85%E9%A1%B5-%E8%B0%83%E6%95%B4%E8%B4%A6%E5%8D%95&g=1 @ https://rp-java.itheima.net/zhyl/resources/scripts/messagecenter.js:296
[  280379ms] [LOG] dispatched to https://rp-java.itheima.net/zhyl/%E9%80%80%E4%BD%8F%E7%94%B3%E8%AF%B7%E8%AF%A6%E6%83%85%E9%A1%B5-%E8%B0%83%E6%95%B4%E8%B4%A6%E5%8D%95.html @ https://rp-java.itheima.net/zhyl/resources/scripts/messagecenter.js:296
[  280379ms] [LOG] dispatched to https://rp-java.itheima.net/zhyl/#id=wpepwp&p=%E9%80%80%E4%BD%8F%E7%94%B3%E8%AF%B7%E8%AF%A6%E6%83%85%E9%A1%B5-%E8%B0%83%E6%95%B4%E8%B4%A6%E5%8D%95&g=1 @ https://rp-java.itheima.net/zhyl/resources/scripts/messagecenter.js:296
[  280379ms] [LOG] dispatched to https://rp-java.itheima.net/zhyl/%E9%80%80%E4%BD%8F%E7%94%B3%E8%AF%B7%E8%AF%A6%E6%83%85%E9%A1%B5-%E8%B0%83%E6%95%B4%E8%B4%A6%E5%8D%95.html @ https://rp-java.itheima.net/zhyl/resources/scripts/messagecenter.js:296
[  280379ms] [LOG] dispatched to https://rp-java.itheima.net/zhyl/#id=wpepwp&p=%E9%80%80%E4%BD%8F%E7%94%B3%E8%AF%B7%E8%AF%A6%E6%83%85%E9%A1%B5-%E8%B0%83%E6%95%B4%E8%B4%A6%E5%8D%95&g=1 @ https://rp-java.itheima.net/zhyl/resources/scripts/messagecenter.js:296
[  280379ms] [LOG] dispatched to https://rp-java.itheima.net/zhyl/%E9%80%80%E4%BD%8F%E7%94%B3%E8%AF%B7%E8%AF%A6%E6%83%85%E9%A1%B5-%E8%B0%83%E6%95%B4%E8%B4%A6%E5%8D%95.html @ https://rp-java.itheima.net/zhyl/resources/scripts/messagecenter.js:296
[  280379ms] [LOG] dispatched to https://rp-java.itheima.net/zhyl/#id=wpepwp&p=%E9%80%80%E4%BD%8F%E7%94%B3%E8%AF%B7%E8%AF%A6%E6%83%85%E9%A1%B5-%E8%B0%83%E6%95%B4%E8%B4%A6%E5%8D%95&g=1 @ https://rp-java.itheima.net/zhyl/resources/scripts/messagecenter.js:296
[  280379ms] [LOG] dispatched to https://rp-java.itheima.net/zhyl/%E9%80%80%E4%BD%8F%E7%94%B3%E8%AF%B7%E8%AF%A6%E6%83%85%E9%A1%B5-%E8%B0%83%E6%95%B4%E8%B4%A6%E5%8D%95.html @ https://rp-java.itheima.net/zhyl/resources/scripts/messagecenter.js:296
[  280406ms] [LOG] dispatched to https://rp-java.itheima.net/zhyl/#id=wpepwp&p=%E9%80%80%E4%BD%8F%E7%94%B3%E8%AF%B7%E8%AF%A6%E6%83%85%E9%A1%B5-%E8%B0%83%E6%95%B4%E8%B4%A6%E5%8D%95&g=1 @ https://rp-java.itheima.net/zhyl/resources/scripts/messagecenter.js:296
[  280406ms] [LOG] dispatched to https://rp-java.itheima.net/zhyl/#id=wpepwp&p=%E9%80%80%E4%BD%8F%E7%94%B3%E8%AF%B7%E8%AF%A6%E6%83%85%E9%A1%B5-%E8%B0%83%E6%95%B4%E8%B4%A6%E5%8D%95&g=1 @ https://rp-java.itheima.net/zhyl/resources/scripts/messagecenter.js:296
[  280406ms] [LOG] dispatched to https://rp-java.itheima.net/zhyl/%E9%80%80%E4%BD%8F%E7%94%B3%E8%AF%B7%E8%AF%A6%E6%83%85%E9%A1%B5-%E8%B0%83%E6%95%B4%E8%B4%A6%E5%8D%95.html @ https://rp-java.itheima.net/zhyl/resources/scripts/messagecenter.js:296
[  280415ms] [LOG] dispatched to https://rp-java.itheima.net/zhyl/#id=wpepwp&p=%E9%80%80%E4%BD%8F%E7%94%B3%E8%AF%B7%E8%AF%A6%E6%83%85%E9%A1%B5-%E8%B0%83%E6%95%B4%E8%B4%A6%E5%8D%95&g=1 @ https://rp-java.itheima.net/zhyl/resources/scripts/messagecenter.js:296
[  280415ms] [LOG] dispatched to https://rp-java.itheima.net/zhyl/%E9%80%80%E4%BD%8F%E7%94%B3%E8%AF%B7%E8%AF%A6%E6%83%85%E9%A1%B5-%E8%B0%83%E6%95%B4%E8%B4%A6%E5%8D%95.html @ https://rp-java.itheima.net/zhyl/resources/scripts/messagecenter.js:296
[  280416ms] [LOG] dispatched to https://rp-java.itheima.net/zhyl/#id=wpepwp&p=%E9%80%80%E4%BD%8F%E7%94%B3%E8%AF%B7%E8%AF%A6%E6%83%85%E9%A1%B5-%E8%B0%83%E6%95%B4%E8%B4%A6%E5%8D%95&g=1 @ https://rp-java.itheima.net/zhyl/resources/scripts/messagecenter.js:296
[  280416ms] [LOG] dispatched to https://rp-java.itheima.net/zhyl/%E9%80%80%E4%BD%8F%E7%94%B3%E8%AF%B7%E8%AF%A6%E6%83%85%E9%A1%B5-%E8%B0%83%E6%95%B4%E8%B4%A6%E5%8D%95.html @ https://rp-java.itheima.net/zhyl/resources/scripts/messagecenter.js:296
[  280416ms] [LOG] dispatched to https://rp-java.itheima.net/zhyl/#id=wpepwp&p=%E9%80%80%E4%BD%8F%E7%94%B3%E8%AF%B7%E8%AF%A6%E6%83%85%E9%A1%B5-%E8%B0%83%E6%95%B4%E8%B4%A6%E5%8D%95&g=1 @ https://rp-java.itheima.net/zhyl/resources/scripts/messagecenter.js:296
[  280416ms] [LOG] dispatched to https://rp-java.itheima.net/zhyl/%E9%80%80%E4%BD%8F%E7%94%B3%E8%AF%B7%E8%AF%A6%E6%83%85%E9%A1%B5-%E8%B0%83%E6%95%B4%E8%B4%A6%E5%8D%95.html @ https://rp-java.itheima.net/zhyl/resources/scripts/messagecenter.js:296
[  280416ms] [LOG] dispatched to https://rp-java.itheima.net/zhyl/%E9%80%80%E4%BD%8F%E7%94%B3%E8%AF%B7%E8%AF%A6%E6%83%85%E9%A1%B5-%E8%B0%83%E6%95%B4%E8%B4%A6%E5%8D%95.html @ https://rp-java.itheima.net/zhyl/resources/scripts/messagecenter.js:296
[  280417ms] [LOG] loadTime: 0 @ https://rp-java.itheima.net/zhyl/resources/scripts/axure/init.temp.js:277
[  280435ms] [LOG] dispatched to https://rp-java.itheima.net/zhyl/#id=wpepwp&p=%E9%80%80%E4%BD%8F%E7%94%B3%E8%AF%B7%E8%AF%A6%E6%83%85%E9%A1%B5-%E8%B0%83%E6%95%B4%E8%B4%A6%E5%8D%95&g=1 @ https://rp-java.itheima.net/zhyl/resources/scripts/messagecenter.js:296
[  280435ms] [LOG] dispatched to https://rp-java.itheima.net/zhyl/%E9%80%80%E4%BD%8F%E7%94%B3%E8%AF%B7%E8%AF%A6%E6%83%85%E9%A1%B5-%E8%B0%83%E6%95%B4%E8%B4%A6%E5%8D%95.html @ https://rp-java.itheima.net/zhyl/resources/scripts/messagecenter.js:296
[  280435ms] [LOG] dispatched to https://rp-java.itheima.net/zhyl/#id=wpepwp&p=%E9%80%80%E4%BD%8F%E7%94%B3%E8%AF%B7%E8%AF%A6%E6%83%85%E9%A1%B5-%E8%B0%83%E6%95%B4%E8%B4%A6%E5%8D%95&g=1 @ https://rp-java.itheima.net/zhyl/resources/scripts/messagecenter.js:296
[  280435ms] [LOG] dispatched to https://rp-java.itheima.net/zhyl/%E9%80%80%E4%BD%8F%E7%94%B3%E8%AF%B7%E8%AF%A6%E6%83%85%E9%A1%B5-%E8%B0%83%E6%95%B4%E8%B4%A6%E5%8D%95.html @ https://rp-java.itheima.net/zhyl/resources/scripts/messagecenter.js:296
[  280435ms] [LOG] dispatched to https://rp-java.itheima.net/zhyl/#id=wpepwp&p=%E9%80%80%E4%BD%8F%E7%94%B3%E8%AF%B7%E8%AF%A6%E6%83%85%E9%A1%B5-%E8%B0%83%E6%95%B4%E8%B4%A6%E5%8D%95&g=1 @ https://rp-java.itheima.net/zhyl/resources/scripts/messagecenter.js:296
[  280435ms] [LOG] dispatched to https://rp-java.itheima.net/zhyl/%E9%80%80%E4%BD%8F%E7%94%B3%E8%AF%B7%E8%AF%A6%E6%83%85%E9%A1%B5-%E8%B0%83%E6%95%B4%E8%B4%A6%E5%8D%95.html @ https://rp-java.itheima.net/zhyl/resources/scripts/messagecenter.js:296
[  280436ms] [LOG] dispatched to https://rp-java.itheima.net/zhyl/%E9%80%80%E4%BD%8F%E7%94%B3%E8%AF%B7%E8%AF%A6%E6%83%85%E9%A1%B5-%E8%B0%83%E6%95%B4%E8%B4%A6%E5%8D%95.html @ https://rp-java.itheima.net/zhyl/resources/scripts/messagecenter.js:296
[  298366ms] [LOG] adding from https://rp-java.itheima.net/zhyl/%E9%80%80%E4%BD%8F%E7%94%B3%E8%AF%B7%E8%AF%A6%E6%83%85%E9%A1%B5-%E8%B4%B9%E7%94%A8%E6%B8%85%E7%AE%97-%E6%9C%AA%E7%BB%93%E6%B8%85.html @ https://rp-java.itheima.net/zhyl/resources/scripts/messagecenter.js:240
[  298367ms] [LOG] dispatched to https://rp-java.itheima.net/zhyl/#id=wpepwp&p=%E9%80%80%E4%BD%8F%E7%94%B3%E8%AF%B7%E8%AF%A6%E6%83%85%E9%A1%B5-%E8%B0%83%E6%95%B4%E8%B4%A6%E5%8D%95&g=1 @ https://rp-java.itheima.net/zhyl/resources/scripts/messagecenter.js:296
[  298369ms] [LOG] dispatched to https://rp-java.itheima.net/zhyl/#id=dnvnv1&p=%E9%80%80%E4%BD%8F%E7%94%B3%E8%AF%B7%E8%AF%A6%E6%83%85%E9%A1%B5-%E8%B4%B9%E7%94%A8%E6%B8%85%E7%AE%97-%E6%9C%AA%E7%BB%93%E6%B8%85&g=1 @ https://rp-java.itheima.net/zhyl/resources/scripts/messagecenter.js:296
[  298369ms] [LOG] dispatched to https://rp-java.itheima.net/zhyl/%E9%80%80%E4%BD%8F%E7%94%B3%E8%AF%B7%E8%AF%A6%E6%83%85%E9%A1%B5-%E8%B4%B9%E7%94%A8%E6%B8%85%E7%AE%97-%E6%9C%AA%E7%BB%93%E6%B8%85.html @ https://rp-java.itheima.net/zhyl/resources/scripts/messagecenter.js:296
[  298370ms] [LOG] dispatched to https://rp-java.itheima.net/zhyl/#id=dnvnv1&p=%E9%80%80%E4%BD%8F%E7%94%B3%E8%AF%B7%E8%AF%A6%E6%83%85%E9%A1%B5-%E8%B4%B9%E7%94%A8%E6%B8%85%E7%AE%97-%E6%9C%AA%E7%BB%93%E6%B8%85&g=1 @ https://rp-java.itheima.net/zhyl/resources/scripts/messagecenter.js:296
[  298370ms] [LOG] dispatched to https://rp-java.itheima.net/zhyl/%E9%80%80%E4%BD%8F%E7%94%B3%E8%AF%B7%E8%AF%A6%E6%83%85%E9%A1%B5-%E8%B4%B9%E7%94%A8%E6%B8%85%E7%AE%97-%E6%9C%AA%E7%BB%93%E6%B8%85.html @ https://rp-java.itheima.net/zhyl/resources/scripts/messagecenter.js:296
[  298370ms] [LOG] dispatched to https://rp-java.itheima.net/zhyl/#id=dnvnv1&p=%E9%80%80%E4%BD%8F%E7%94%B3%E8%AF%B7%E8%AF%A6%E6%83%85%E9%A1%B5-%E8%B4%B9%E7%94%A8%E6%B8%85%E7%AE%97-%E6%9C%AA%E7%BB%93%E6%B8%85&g=1 @ https://rp-java.itheima.net/zhyl/resources/scripts/messagecenter.js:296
[  298371ms] [LOG] dispatched to https://rp-java.itheima.net/zhyl/%E9%80%80%E4%BD%8F%E7%94%B3%E8%AF%B7%E8%AF%A6%E6%83%85%E9%A1%B5-%E8%B4%B9%E7%94%A8%E6%B8%85%E7%AE%97-%E6%9C%AA%E7%BB%93%E6%B8%85.html @ https://rp-java.itheima.net/zhyl/resources/scripts/messagecenter.js:296
[  298372ms] [LOG] dispatched to https://rp-java.itheima.net/zhyl/#id=dnvnv1&p=%E9%80%80%E4%BD%8F%E7%94%B3%E8%AF%B7%E8%AF%A6%E6%83%85%E9%A1%B5-%E8%B4%B9%E7%94%A8%E6%B8%85%E7%AE%97-%E6%9C%AA%E7%BB%93%E6%B8%85&g=1 @ https://rp-java.itheima.net/zhyl/resources/scripts/messagecenter.js:296
[  298372ms] [LOG] dispatched to https://rp-java.itheima.net/zhyl/%E9%80%80%E4%BD%8F%E7%94%B3%E8%AF%B7%E8%AF%A6%E6%83%85%E9%A1%B5-%E8%B4%B9%E7%94%A8%E6%B8%85%E7%AE%97-%E6%9C%AA%E7%BB%93%E6%B8%85.html @ https://rp-java.itheima.net/zhyl/resources/scripts/messagecenter.js:296
[  298372ms] [LOG] dispatched to https://rp-java.itheima.net/zhyl/#id=dnvnv1&p=%E9%80%80%E4%BD%8F%E7%94%B3%E8%AF%B7%E8%AF%A6%E6%83%85%E9%A1%B5-%E8%B4%B9%E7%94%A8%E6%B8%85%E7%AE%97-%E6%9C%AA%E7%BB%93%E6%B8%85&g=1 @ https://rp-java.itheima.net/zhyl/resources/scripts/messagecenter.js:296
[  298372ms] [LOG] dispatched to https://rp-java.itheima.net/zhyl/%E9%80%80%E4%BD%8F%E7%94%B3%E8%AF%B7%E8%AF%A6%E6%83%85%E9%A1%B5-%E8%B4%B9%E7%94%A8%E6%B8%85%E7%AE%97-%E6%9C%AA%E7%BB%93%E6%B8%85.html @ https://rp-java.itheima.net/zhyl/resources/scripts/messagecenter.js:296
[  298373ms] [LOG] dispatched to https://rp-java.itheima.net/zhyl/#id=dnvnv1&p=%E9%80%80%E4%BD%8F%E7%94%B3%E8%AF%B7%E8%AF%A6%E6%83%85%E9%A1%B5-%E8%B4%B9%E7%94%A8%E6%B8%85%E7%AE%97-%E6%9C%AA%E7%BB%93%E6%B8%85&g=1 @ https://rp-java.itheima.net/zhyl/resources/scripts/messagecenter.js:296
[  298373ms] [LOG] dispatched to https://rp-java.itheima.net/zhyl/%E9%80%80%E4%BD%8F%E7%94%B3%E8%AF%B7%E8%AF%A6%E6%83%85%E9%A1%B5-%E8%B4%B9%E7%94%A8%E6%B8%85%E7%AE%97-%E6%9C%AA%E7%BB%93%E6%B8%85.html @ https://rp-java.itheima.net/zhyl/resources/scripts/messagecenter.js:296
[  298373ms] [LOG] dispatched to https://rp-java.itheima.net/zhyl/#id=dnvnv1&p=%E9%80%80%E4%BD%8F%E7%94%B3%E8%AF%B7%E8%AF%A6%E6%83%85%E9%A1%B5-%E8%B4%B9%E7%94%A8%E6%B8%85%E7%AE%97-%E6%9C%AA%E7%BB%93%E6%B8%85&g=1 @ https://rp-java.itheima.net/zhyl/resources/scripts/messagecenter.js:296
[  298373ms] [LOG] dispatched to https://rp-java.itheima.net/zhyl/%E9%80%80%E4%BD%8F%E7%94%B3%E8%AF%B7%E8%AF%A6%E6%83%85%E9%A1%B5-%E8%B4%B9%E7%94%A8%E6%B8%85%E7%AE%97-%E6%9C%AA%E7%BB%93%E6%B8%85.html @ https://rp-java.itheima.net/zhyl/resources/scripts/messagecenter.js:296
[  298385ms] [LOG] dispatched to https://rp-java.itheima.net/zhyl/#id=dnvnv1&p=%E9%80%80%E4%BD%8F%E7%94%B3%E8%AF%B7%E8%AF%A6%E6%83%85%E9%A1%B5-%E8%B4%B9%E7%94%A8%E6%B8%85%E7%AE%97-%E6%9C%AA%E7%BB%93%E6%B8%85&g=1 @ https://rp-java.itheima.net/zhyl/resources/scripts/messagecenter.js:296
[  298386ms] [LOG] dispatched to https://rp-java.itheima.net/zhyl/#id=dnvnv1&p=%E9%80%80%E4%BD%8F%E7%94%B3%E8%AF%B7%E8%AF%A6%E6%83%85%E9%A1%B5-%E8%B4%B9%E7%94%A8%E6%B8%85%E7%AE%97-%E6%9C%AA%E7%BB%93%E6%B8%85&g=1 @ https://rp-java.itheima.net/zhyl/resources/scripts/messagecenter.js:296
[  298386ms] [LOG] dispatched to https://rp-java.itheima.net/zhyl/%E9%80%80%E4%BD%8F%E7%94%B3%E8%AF%B7%E8%AF%A6%E6%83%85%E9%A1%B5-%E8%B4%B9%E7%94%A8%E6%B8%85%E7%AE%97-%E6%9C%AA%E7%BB%93%E6%B8%85.html @ https://rp-java.itheima.net/zhyl/resources/scripts/messagecenter.js:296
[  298387ms] [LOG] dispatched to https://rp-java.itheima.net/zhyl/#id=dnvnv1&p=%E9%80%80%E4%BD%8F%E7%94%B3%E8%AF%B7%E8%AF%A6%E6%83%85%E9%A1%B5-%E8%B4%B9%E7%94%A8%E6%B8%85%E7%AE%97-%E6%9C%AA%E7%BB%93%E6%B8%85&g=1 @ https://rp-java.itheima.net/zhyl/resources/scripts/messagecenter.js:296
[  298387ms] [LOG] dispatched to https://rp-java.itheima.net/zhyl/%E9%80%80%E4%BD%8F%E7%94%B3%E8%AF%B7%E8%AF%A6%E6%83%85%E9%A1%B5-%E8%B4%B9%E7%94%A8%E6%B8%85%E7%AE%97-%E6%9C%AA%E7%BB%93%E6%B8%85.html @ https://rp-java.itheima.net/zhyl/resources/scripts/messagecenter.js:296
[  298387ms] [LOG] dispatched to https://rp-java.itheima.net/zhyl/#id=dnvnv1&p=%E9%80%80%E4%BD%8F%E7%94%B3%E8%AF%B7%E8%AF%A6%E6%83%85%E9%A1%B5-%E8%B4%B9%E7%94%A8%E6%B8%85%E7%AE%97-%E6%9C%AA%E7%BB%93%E6%B8%85&g=1 @ https://rp-java.itheima.net/zhyl/resources/scripts/messagecenter.js:296
[  298388ms] [LOG] dispatched to https://rp-java.itheima.net/zhyl/%E9%80%80%E4%BD%8F%E7%94%B3%E8%AF%B7%E8%AF%A6%E6%83%85%E9%A1%B5-%E8%B4%B9%E7%94%A8%E6%B8%85%E7%AE%97-%E6%9C%AA%E7%BB%93%E6%B8%85.html @ https://rp-java.itheima.net/zhyl/resources/scripts/messagecenter.js:296
[  298388ms] [LOG] dispatched to https://rp-java.itheima.net/zhyl/#id=dnvnv1&p=%E9%80%80%E4%BD%8F%E7%94%B3%E8%AF%B7%E8%AF%A6%E6%83%85%E9%A1%B5-%E8%B4%B9%E7%94%A8%E6%B8%85%E7%AE%97-%E6%9C%AA%E7%BB%93%E6%B8%85&g=1 @ https://rp-java.itheima.net/zhyl/resources/scripts/messagecenter.js:296
[  298388ms] [LOG] dispatched to https://rp-java.itheima.net/zhyl/%E9%80%80%E4%BD%8F%E7%94%B3%E8%AF%B7%E8%AF%A6%E6%83%85%E9%A1%B5-%E8%B4%B9%E7%94%A8%E6%B8%85%E7%AE%97-%E6%9C%AA%E7%BB%93%E6%B8%85.html @ https://rp-java.itheima.net/zhyl/resources/scripts/messagecenter.js:296
[  298388ms] [LOG] dispatched to https://rp-java.itheima.net/zhyl/%E9%80%80%E4%BD%8F%E7%94%B3%E8%AF%B7%E8%AF%A6%E6%83%85%E9%A1%B5-%E8%B4%B9%E7%94%A8%E6%B8%85%E7%AE%97-%E6%9C%AA%E7%BB%93%E6%B8%85.html @ https://rp-java.itheima.net/zhyl/resources/scripts/messagecenter.js:296
[  298388ms] [LOG] loadTime: 0 @ https://rp-java.itheima.net/zhyl/resources/scripts/axure/init.temp.js:277
[  298399ms] [LOG] dispatched to https://rp-java.itheima.net/zhyl/#id=dnvnv1&p=%E9%80%80%E4%BD%8F%E7%94%B3%E8%AF%B7%E8%AF%A6%E6%83%85%E9%A1%B5-%E8%B4%B9%E7%94%A8%E6%B8%85%E7%AE%97-%E6%9C%AA%E7%BB%93%E6%B8%85&g=1 @ https://rp-java.itheima.net/zhyl/resources/scripts/messagecenter.js:296
[  298399ms] [LOG] dispatched to https://rp-java.itheima.net/zhyl/%E9%80%80%E4%BD%8F%E7%94%B3%E8%AF%B7%E8%AF%A6%E6%83%85%E9%A1%B5-%E8%B4%B9%E7%94%A8%E6%B8%85%E7%AE%97-%E6%9C%AA%E7%BB%93%E6%B8%85.html @ https://rp-java.itheima.net/zhyl/resources/scripts/messagecenter.js:296
[  298400ms] [LOG] dispatched to https://rp-java.itheima.net/zhyl/#id=dnvnv1&p=%E9%80%80%E4%BD%8F%E7%94%B3%E8%AF%B7%E8%AF%A6%E6%83%85%E9%A1%B5-%E8%B4%B9%E7%94%A8%E6%B8%85%E7%AE%97-%E6%9C%AA%E7%BB%93%E6%B8%85&g=1 @ https://rp-java.itheima.net/zhyl/resources/scripts/messagecenter.js:296
[  298400ms] [LOG] dispatched to https://rp-java.itheima.net/zhyl/%E9%80%80%E4%BD%8F%E7%94%B3%E8%AF%B7%E8%AF%A6%E6%83%85%E9%A1%B5-%E8%B4%B9%E7%94%A8%E6%B8%85%E7%AE%97-%E6%9C%AA%E7%BB%93%E6%B8%85.html @ https://rp-java.itheima.net/zhyl/resources/scripts/messagecenter.js:296
[  298400ms] [LOG] dispatched to https://rp-java.itheima.net/zhyl/#id=dnvnv1&p=%E9%80%80%E4%BD%8F%E7%94%B3%E8%AF%B7%E8%AF%A6%E6%83%85%E9%A1%B5-%E8%B4%B9%E7%94%A8%E6%B8%85%E7%AE%97-%E6%9C%AA%E7%BB%93%E6%B8%85&g=1 @ https://rp-java.itheima.net/zhyl/resources/scripts/messagecenter.js:296
[  298400ms] [LOG] dispatched to https://rp-java.itheima.net/zhyl/%E9%80%80%E4%BD%8F%E7%94%B3%E8%AF%B7%E8%AF%A6%E6%83%85%E9%A1%B5-%E8%B4%B9%E7%94%A8%E6%B8%85%E7%AE%97-%E6%9C%AA%E7%BB%93%E6%B8%85.html @ https://rp-java.itheima.net/zhyl/resources/scripts/messagecenter.js:296
[  298400ms] [LOG] dispatched to https://rp-java.itheima.net/zhyl/%E9%80%80%E4%BD%8F%E7%94%B3%E8%AF%B7%E8%AF%A6%E6%83%85%E9%A1%B5-%E8%B4%B9%E7%94%A8%E6%B8%85%E7%AE%97-%E6%9C%AA%E7%BB%93%E6%B8%85.html @ https://rp-java.itheima.net/zhyl/resources/scripts/messagecenter.js:296
[  322060ms] [LOG] adding from https://rp-java.itheima.net/zhyl/%E9%80%80%E4%BD%8F%E7%94%B3%E8%AF%B7%E8%AF%A6%E6%83%85%E9%A1%B5-%E8%B4%B9%E7%94%A8%E6%B8%85%E7%AE%97-%E5%B7%B2%E7%BB%93%E6%B8%85.html @ https://rp-java.itheima.net/zhyl/resources/scripts/messagecenter.js:240
[  322061ms] [LOG] dispatched to https://rp-java.itheima.net/zhyl/#id=dnvnv1&p=%E9%80%80%E4%BD%8F%E7%94%B3%E8%AF%B7%E8%AF%A6%E6%83%85%E9%A1%B5-%E8%B4%B9%E7%94%A8%E6%B8%85%E7%AE%97-%E6%9C%AA%E7%BB%93%E6%B8%85&g=1 @ https://rp-java.itheima.net/zhyl/resources/scripts/messagecenter.js:296
[  322063ms] [LOG] dispatched to https://rp-java.itheima.net/zhyl/#id=huhvh9&p=%E9%80%80%E4%BD%8F%E7%94%B3%E8%AF%B7%E8%AF%A6%E6%83%85%E9%A1%B5-%E8%B4%B9%E7%94%A8%E6%B8%85%E7%AE%97-%E5%B7%B2%E7%BB%93%E6%B8%85&g=1 @ https://rp-java.itheima.net/zhyl/resources/scripts/messagecenter.js:296
[  322063ms] [LOG] dispatched to https://rp-java.itheima.net/zhyl/%E9%80%80%E4%BD%8F%E7%94%B3%E8%AF%B7%E8%AF%A6%E6%83%85%E9%A1%B5-%E8%B4%B9%E7%94%A8%E6%B8%85%E7%AE%97-%E5%B7%B2%E7%BB%93%E6%B8%85.html @ https://rp-java.itheima.net/zhyl/resources/scripts/messagecenter.js:296
[  322064ms] [LOG] dispatched to https://rp-java.itheima.net/zhyl/#id=huhvh9&p=%E9%80%80%E4%BD%8F%E7%94%B3%E8%AF%B7%E8%AF%A6%E6%83%85%E9%A1%B5-%E8%B4%B9%E7%94%A8%E6%B8%85%E7%AE%97-%E5%B7%B2%E7%BB%93%E6%B8%85&g=1 @ https://rp-java.itheima.net/zhyl/resources/scripts/messagecenter.js:296
[  322064ms] [LOG] dispatched to https://rp-java.itheima.net/zhyl/%E9%80%80%E4%BD%8F%E7%94%B3%E8%AF%B7%E8%AF%A6%E6%83%85%E9%A1%B5-%E8%B4%B9%E7%94%A8%E6%B8%85%E7%AE%97-%E5%B7%B2%E7%BB%93%E6%B8%85.html @ https://rp-java.itheima.net/zhyl/resources/scripts/messagecenter.js:296
[  322064ms] [LOG] dispatched to https://rp-java.itheima.net/zhyl/#id=huhvh9&p=%E9%80%80%E4%BD%8F%E7%94%B3%E8%AF%B7%E8%AF%A6%E6%83%85%E9%A1%B5-%E8%B4%B9%E7%94%A8%E6%B8%85%E7%AE%97-%E5%B7%B2%E7%BB%93%E6%B8%85&g=1 @ https://rp-java.itheima.net/zhyl/resources/scripts/messagecenter.js:296
[  322064ms] [LOG] dispatched to https://rp-java.itheima.net/zhyl/%E9%80%80%E4%BD%8F%E7%94%B3%E8%AF%B7%E8%AF%A6%E6%83%85%E9%A1%B5-%E8%B4%B9%E7%94%A8%E6%B8%85%E7%AE%97-%E5%B7%B2%E7%BB%93%E6%B8%85.html @ https://rp-java.itheima.net/zhyl/resources/scripts/messagecenter.js:296
[  322065ms] [LOG] dispatched to https://rp-java.itheima.net/zhyl/#id=huhvh9&p=%E9%80%80%E4%BD%8F%E7%94%B3%E8%AF%B7%E8%AF%A6%E6%83%85%E9%A1%B5-%E8%B4%B9%E7%94%A8%E6%B8%85%E7%AE%97-%E5%B7%B2%E7%BB%93%E6%B8%85&g=1 @ https://rp-java.itheima.net/zhyl/resources/scripts/messagecenter.js:296
[  322065ms] [LOG] dispatched to https://rp-java.itheima.net/zhyl/%E9%80%80%E4%BD%8F%E7%94%B3%E8%AF%B7%E8%AF%A6%E6%83%85%E9%A1%B5-%E8%B4%B9%E7%94%A8%E6%B8%85%E7%AE%97-%E5%B7%B2%E7%BB%93%E6%B8%85.html @ https://rp-java.itheima.net/zhyl/resources/scripts/messagecenter.js:296
[  322065ms] [LOG] dispatched to https://rp-java.itheima.net/zhyl/#id=huhvh9&p=%E9%80%80%E4%BD%8F%E7%94%B3%E8%AF%B7%E8%AF%A6%E6%83%85%E9%A1%B5-%E8%B4%B9%E7%94%A8%E6%B8%85%E7%AE%97-%E5%B7%B2%E7%BB%93%E6%B8%85&g=1 @ https://rp-java.itheima.net/zhyl/resources/scripts/messagecenter.js:296
[  322065ms] [LOG] dispatched to https://rp-java.itheima.net/zhyl/%E9%80%80%E4%BD%8F%E7%94%B3%E8%AF%B7%E8%AF%A6%E6%83%85%E9%A1%B5-%E8%B4%B9%E7%94%A8%E6%B8%85%E7%AE%97-%E5%B7%B2%E7%BB%93%E6%B8%85.html @ https://rp-java.itheima.net/zhyl/resources/scripts/messagecenter.js:296
[  322065ms] [LOG] dispatched to https://rp-java.itheima.net/zhyl/#id=huhvh9&p=%E9%80%80%E4%BD%8F%E7%94%B3%E8%AF%B7%E8%AF%A6%E6%83%85%E9%A1%B5-%E8%B4%B9%E7%94%A8%E6%B8%85%E7%AE%97-%E5%B7%B2%E7%BB%93%E6%B8%85&g=1 @ https://rp-java.itheima.net/zhyl/resources/scripts/messagecenter.js:296
[  322065ms] [LOG] dispatched to https://rp-java.itheima.net/zhyl/%E9%80%80%E4%BD%8F%E7%94%B3%E8%AF%B7%E8%AF%A6%E6%83%85%E9%A1%B5-%E8%B4%B9%E7%94%A8%E6%B8%85%E7%AE%97-%E5%B7%B2%E7%BB%93%E6%B8%85.html @ https://rp-java.itheima.net/zhyl/resources/scripts/messagecenter.js:296
[  322066ms] [LOG] dispatched to https://rp-java.itheima.net/zhyl/#id=huhvh9&p=%E9%80%80%E4%BD%8F%E7%94%B3%E8%AF%B7%E8%AF%A6%E6%83%85%E9%A1%B5-%E8%B4%B9%E7%94%A8%E6%B8%85%E7%AE%97-%E5%B7%B2%E7%BB%93%E6%B8%85&g=1 @ https://rp-java.itheima.net/zhyl/resources/scripts/messagecenter.js:296
[  322066ms] [LOG] dispatched to https://rp-java.itheima.net/zhyl/%E9%80%80%E4%BD%8F%E7%94%B3%E8%AF%B7%E8%AF%A6%E6%83%85%E9%A1%B5-%E8%B4%B9%E7%94%A8%E6%B8%85%E7%AE%97-%E5%B7%B2%E7%BB%93%E6%B8%85.html @ https://rp-java.itheima.net/zhyl/resources/scripts/messagecenter.js:296
[  322074ms] [LOG] dispatched to https://rp-java.itheima.net/zhyl/#id=huhvh9&p=%E9%80%80%E4%BD%8F%E7%94%B3%E8%AF%B7%E8%AF%A6%E6%83%85%E9%A1%B5-%E8%B4%B9%E7%94%A8%E6%B8%85%E7%AE%97-%E5%B7%B2%E7%BB%93%E6%B8%85&g=1 @ https://rp-java.itheima.net/zhyl/resources/scripts/messagecenter.js:296
[  322075ms] [LOG] dispatched to https://rp-java.itheima.net/zhyl/#id=huhvh9&p=%E9%80%80%E4%BD%8F%E7%94%B3%E8%AF%B7%E8%AF%A6%E6%83%85%E9%A1%B5-%E8%B4%B9%E7%94%A8%E6%B8%85%E7%AE%97-%E5%B7%B2%E7%BB%93%E6%B8%85&g=1 @ https://rp-java.itheima.net/zhyl/resources/scripts/messagecenter.js:296
[  322075ms] [LOG] dispatched to https://rp-java.itheima.net/zhyl/%E9%80%80%E4%BD%8F%E7%94%B3%E8%AF%B7%E8%AF%A6%E6%83%85%E9%A1%B5-%E8%B4%B9%E7%94%A8%E6%B8%85%E7%AE%97-%E5%B7%B2%E7%BB%93%E6%B8%85.html @ https://rp-java.itheima.net/zhyl/resources/scripts/messagecenter.js:296
[  322076ms] [LOG] dispatched to https://rp-java.itheima.net/zhyl/#id=huhvh9&p=%E9%80%80%E4%BD%8F%E7%94%B3%E8%AF%B7%E8%AF%A6%E6%83%85%E9%A1%B5-%E8%B4%B9%E7%94%A8%E6%B8%85%E7%AE%97-%E5%B7%B2%E7%BB%93%E6%B8%85&g=1 @ https://rp-java.itheima.net/zhyl/resources/scripts/messagecenter.js:296
[  322076ms] [LOG] dispatched to https://rp-java.itheima.net/zhyl/%E9%80%80%E4%BD%8F%E7%94%B3%E8%AF%B7%E8%AF%A6%E6%83%85%E9%A1%B5-%E8%B4%B9%E7%94%A8%E6%B8%85%E7%AE%97-%E5%B7%B2%E7%BB%93%E6%B8%85.html @ https://rp-java.itheima.net/zhyl/resources/scripts/messagecenter.js:296
[  322076ms] [LOG] dispatched to https://rp-java.itheima.net/zhyl/#id=huhvh9&p=%E9%80%80%E4%BD%8F%E7%94%B3%E8%AF%B7%E8%AF%A6%E6%83%85%E9%A1%B5-%E8%B4%B9%E7%94%A8%E6%B8%85%E7%AE%97-%E5%B7%B2%E7%BB%93%E6%B8%85&g=1 @ https://rp-java.itheima.net/zhyl/resources/scripts/messagecenter.js:296
[  322076ms] [LOG] dispatched to https://rp-java.itheima.net/zhyl/%E9%80%80%E4%BD%8F%E7%94%B3%E8%AF%B7%E8%AF%A6%E6%83%85%E9%A1%B5-%E8%B4%B9%E7%94%A8%E6%B8%85%E7%AE%97-%E5%B7%B2%E7%BB%93%E6%B8%85.html @ https://rp-java.itheima.net/zhyl/resources/scripts/messagecenter.js:296
[  322076ms] [LOG] dispatched to https://rp-java.itheima.net/zhyl/#id=huhvh9&p=%E9%80%80%E4%BD%8F%E7%94%B3%E8%AF%B7%E8%AF%A6%E6%83%85%E9%A1%B5-%E8%B4%B9%E7%94%A8%E6%B8%85%E7%AE%97-%E5%B7%B2%E7%BB%93%E6%B8%85&g=1 @ https://rp-java.itheima.net/zhyl/resources/scripts/messagecenter.js:296
[  322077ms] [LOG] dispatched to https://rp-java.itheima.net/zhyl/%E9%80%80%E4%BD%8F%E7%94%B3%E8%AF%B7%E8%AF%A6%E6%83%85%E9%A1%B5-%E8%B4%B9%E7%94%A8%E6%B8%85%E7%AE%97-%E5%B7%B2%E7%BB%93%E6%B8%85.html @ https://rp-java.itheima.net/zhyl/resources/scripts/messagecenter.js:296
[  322077ms] [LOG] dispatched to https://rp-java.itheima.net/zhyl/%E9%80%80%E4%BD%8F%E7%94%B3%E8%AF%B7%E8%AF%A6%E6%83%85%E9%A1%B5-%E8%B4%B9%E7%94%A8%E6%B8%85%E7%AE%97-%E5%B7%B2%E7%BB%93%E6%B8%85.html @ https://rp-java.itheima.net/zhyl/resources/scripts/messagecenter.js:296
[  322077ms] [LOG] loadTime: 0 @ https://rp-java.itheima.net/zhyl/resources/scripts/axure/init.temp.js:277
[  322087ms] [LOG] dispatched to https://rp-java.itheima.net/zhyl/#id=huhvh9&p=%E9%80%80%E4%BD%8F%E7%94%B3%E8%AF%B7%E8%AF%A6%E6%83%85%E9%A1%B5-%E8%B4%B9%E7%94%A8%E6%B8%85%E7%AE%97-%E5%B7%B2%E7%BB%93%E6%B8%85&g=1 @ https://rp-java.itheima.net/zhyl/resources/scripts/messagecenter.js:296
[  322087ms] [LOG] dispatched to https://rp-java.itheima.net/zhyl/%E9%80%80%E4%BD%8F%E7%94%B3%E8%AF%B7%E8%AF%A6%E6%83%85%E9%A1%B5-%E8%B4%B9%E7%94%A8%E6%B8%85%E7%AE%97-%E5%B7%B2%E7%BB%93%E6%B8%85.html @ https://rp-java.itheima.net/zhyl/resources/scripts/messagecenter.js:296
[  322087ms] [LOG] dispatched to https://rp-java.itheima.net/zhyl/#id=huhvh9&p=%E9%80%80%E4%BD%8F%E7%94%B3%E8%AF%B7%E8%AF%A6%E6%83%85%E9%A1%B5-%E8%B4%B9%E7%94%A8%E6%B8%85%E7%AE%97-%E5%B7%B2%E7%BB%93%E6%B8%85&g=1 @ https://rp-java.itheima.net/zhyl/resources/scripts/messagecenter.js:296
[  322087ms] [LOG] dispatched to https://rp-java.itheima.net/zhyl/%E9%80%80%E4%BD%8F%E7%94%B3%E8%AF%B7%E8%AF%A6%E6%83%85%E9%A1%B5-%E8%B4%B9%E7%94%A8%E6%B8%85%E7%AE%97-%E5%B7%B2%E7%BB%93%E6%B8%85.html @ https://rp-java.itheima.net/zhyl/resources/scripts/messagecenter.js:296
[  322088ms] [LOG] dispatched to https://rp-java.itheima.net/zhyl/#id=huhvh9&p=%E9%80%80%E4%BD%8F%E7%94%B3%E8%AF%B7%E8%AF%A6%E6%83%85%E9%A1%B5-%E8%B4%B9%E7%94%A8%E6%B8%85%E7%AE%97-%E5%B7%B2%E7%BB%93%E6%B8%85&g=1 @ https://rp-java.itheima.net/zhyl/resources/scripts/messagecenter.js:296
[  322088ms] [LOG] dispatched to https://rp-java.itheima.net/zhyl/%E9%80%80%E4%BD%8F%E7%94%B3%E8%AF%B7%E8%AF%A6%E6%83%85%E9%A1%B5-%E8%B4%B9%E7%94%A8%E6%B8%85%E7%AE%97-%E5%B7%B2%E7%BB%93%E6%B8%85.html @ https://rp-java.itheima.net/zhyl/resources/scripts/messagecenter.js:296
[  322088ms] [LOG] dispatched to https://rp-java.itheima.net/zhyl/%E9%80%80%E4%BD%8F%E7%94%B3%E8%AF%B7%E8%AF%A6%E6%83%85%E9%A1%B5-%E8%B4%B9%E7%94%A8%E6%B8%85%E7%AE%97-%E5%B7%B2%E7%BB%93%E6%B8%85.html @ https://rp-java.itheima.net/zhyl/resources/scripts/messagecenter.js:296
